policy_id,car_id,company,start_date,end_date,cost
1,826,АльфаСтрахование,2024-02-10 20:33:03,2025-02-09 20:33:03,13642
2,826,РЕСО-Гарантия,2025-02-09 20:33:03,2026-02-09 20:33:03,18198
3,657,Т-Страхование,2024-05-16 09:19:12,2025-05-16 09:19:12,16558
4,657,РЕСО-Гарантия,2025-05-16 09:19:12,2026-05-16 09:19:12,11853
5,790,Ингосстрах,2023-03-09 19:23:55,2024-03-08 19:23:55,18605
6,790,АльфаСтрахование,2024-03-08 19:23:55,2025-03-08 19:23:55,7905
7,790,Т-Страхование,2025-03-08 19:23:55,2026-03-08 19:23:55,16250
8,668,ВСК,2024-01-09 19:57:12,2025-01-08 19:57:12,20810
9,668,Росгосстрах,2025-01-08 19:57:12,2026-01-08 19:57:12,6948
10,121,РЕСО-Гарантия,2023-12-15 15:06:26,2024-12-14 15:06:26,11406
11,121,ВСК,2024-12-14 15:06:26,2025-12-14 15:06:26,19734
12,659,ВСК,2024-08-29 06:46:51,2025-08-29 06:46:51,16663
13,769,РЕСО-Гарантия,2025-02-25 21:08:09,2026-02-25 21:08:09,7686
14,1023,Ингосстрах,2024-09-01 16:41:34,2025-09-01 16:41:34,5558
15,191,АльфаСтрахование,2024-12-18 06:40:34,2025-12-18 06:40:34,7584
16,802,РЕСО-Гарантия,2024-06-26 12:22:50,2025-06-26 12:22:50,12529
17,1152,Т-Страхование,2025-05-06 20:35:16,2026-05-06 20:35:16,11317
18,650,АльфаСтрахование,2023-06-05 01:52:20,2024-06-04 01:52:20,24537
19,650,ВСК,2024-06-04 01:52:20,2025-06-04 01:52:20,8761
20,25,Ингосстрах,2024-07-11 04:38:55,2025-07-11 04:38:55,21620
21,638,Ингосстрах,2025-05-16 17:15:08,2026-05-16 17:15:08,18646
22,172,ВСК,2023-03-20 18:23:07,2024-03-19 18:23:07,20893
23,172,Т-Страхование,2024-03-19 18:23:07,2025-03-19 18:23:07,20868
24,172,Росгосстрах,2025-03-19 18:23:07,2026-03-19 18:23:07,5079
25,568,ВСК,2024-08-11 16:40:13,2025-08-11 16:40:13,21772
26,1166,Росгосстрах,2024-11-03 00:40:08,2025-11-03 00:40:08,6406
27,366,РЕСО-Гарантия,2025-05-06 16:41:44,2026-05-06 16:41:44,6230
28,1076,Ингосстрах,2023-07-20 13:37:00,2024-07-19 13:37:00,10491
29,1076,Ингосстрах,2024-07-19 13:37:00,2025-07-19 13:37:00,12174
30,943,АльфаСтрахование,2024-09-16 03:03:36,2025-09-16 03:03:36,23423
31,822,Ингосстрах,2023-06-02 01:59:08,2024-06-01 01:59:08,16455
32,822,РЕСО-Гарантия,2024-06-01 01:59:08,2025-06-01 01:59:08,9134
33,180,Росгосстрах,2024-12-13 03:21:30,2025-12-13 03:21:30,13196
34,8,Ингосстрах,2024-03-14 14:36:56,2025-03-14 14:36:56,7146
35,8,Росгосстрах,2025-03-14 14:36:56,2026-03-14 14:36:56,11630
36,552,ВСК,2023-08-13 02:37:59,2024-08-12 02:37:59,22125
37,552,Т-Страхование,2024-08-12 02:37:59,2025-08-12 02:37:59,7242
38,807,РЕСО-Гарантия,2021-07-01 05:26:21,2022-07-01 05:26:21,16030
39,807,АльфаСтрахование,2022-07-01 05:26:21,2023-07-01 05:26:21,24487
40,807,Т-Страхование,2023-07-01 05:26:21,2024-06-30 05:26:21,24328
41,807,ВСК,2024-06-30 05:26:21,2025-06-30 05:26:21,6126
42,581,РЕСО-Гарантия,2025-01-21 22:13:17,2026-01-21 22:13:17,21113
43,223,ВСК,2024-10-07 00:44:52,2025-10-07 00:44:52,17755
44,771,АльфаСтрахование,2025-04-02 02:23:54,2026-04-02 02:23:54,12555
45,488,ВСК,2025-02-18 05:58:45,2026-02-18 05:58:45,12864
46,718,АльфаСтрахование,2024-07-27 09:58:03,2025-07-27 09:58:03,13696
47,271,Т-Страхование,2025-03-04 01:24:38,2026-03-04 01:24:38,9580
48,587,Ингосстрах,2025-02-28 17:09:13,2026-02-28 17:09:13,14249
49,75,Росгосстрах,2021-10-24 11:21:19,2022-10-24 11:21:19,11295
50,75,РЕСО-Гарантия,2022-10-24 11:21:19,2023-10-24 11:21:19,20836
51,75,Ингосстрах,2023-10-24 11:21:19,2024-10-23 11:21:19,22074
52,75,РЕСО-Гарантия,2024-10-23 11:21:19,2025-10-23 11:21:19,24017
53,643,АльфаСтрахование,2024-09-08 11:12:38,2025-09-08 11:12:38,10145
54,693,АльфаСтрахование,2025-03-27 07:49:30,2026-03-27 07:49:30,18833
55,553,АльфаСтрахование,2024-10-30 16:54:25,2025-10-30 16:54:25,18293
56,554,Росгосстрах,2024-12-03 07:32:16,2025-12-03 07:32:16,24350
57,945,Росгосстрах,2023-09-18 23:56:28,2024-09-17 23:56:28,16213
58,945,ВСК,2024-09-17 23:56:28,2025-09-17 23:56:28,12013
59,370,РЕСО-Гарантия,2025-05-04 22:52:26,2026-05-04 22:52:26,11865
60,103,Росгосстрах,2023-09-05 22:12:58,2024-09-04 22:12:58,14307
61,103,РЕСО-Гарантия,2024-09-04 22:12:58,2025-09-04 22:12:58,8765
62,1068,ВСК,2025-05-24 21:29:06,2026-05-24 21:29:06,9074
63,169,Росгосстрах,2023-10-02 18:56:25,2024-10-01 18:56:25,11143
64,169,ВСК,2024-10-01 18:56:25,2025-10-01 18:56:25,8560
65,64,РЕСО-Гарантия,2024-11-05 21:12:12,2025-11-05 21:12:12,18858
66,336,Ингосстрах,2024-02-23 08:34:09,2025-02-22 08:34:09,17930
67,336,РЕСО-Гарантия,2025-02-22 08:34:09,2026-02-22 08:34:09,24338
68,1172,РЕСО-Гарантия,2024-05-08 17:24:50,2025-05-08 17:24:50,10090
69,1172,Т-Страхование,2025-05-08 17:24:50,2026-05-08 17:24:50,12717
70,965,Ингосстрах,2024-08-13 06:15:17,2025-08-13 06:15:17,12084
71,653,Т-Страхование,2024-03-08 10:40:33,2025-03-08 10:40:33,19232
72,653,Ингосстрах,2025-03-08 10:40:33,2026-03-08 10:40:33,10660
73,1183,Росгосстрах,2025-03-07 05:39:12,2026-03-07 05:39:12,11801
74,781,ВСК,2024-04-21 01:17:17,2025-04-21 01:17:17,13979
75,781,РЕСО-Гарантия,2025-04-21 01:17:17,2026-04-21 01:17:17,21049
76,747,Ингосстрах,2024-08-07 08:19:07,2025-08-07 08:19:07,24234
77,331,РЕСО-Гарантия,2024-07-25 08:07:18,2025-07-25 08:07:18,5271
78,465,РЕСО-Гарантия,2025-05-28 13:47:11,2026-05-28 13:47:11,9544
79,19,АльфаСтрахование,2025-02-04 11:08:43,2026-02-04 11:08:43,13689
80,801,Ингосстрах,2025-05-20 15:39:03,2026-05-20 15:39:03,23065
81,675,Росгосстрах,2025-03-11 16:16:54,2026-03-11 16:16:54,16481
82,559,Росгосстрах,2024-10-04 22:46:51,2025-10-04 22:46:51,23871
83,427,РЕСО-Гарантия,2024-06-07 22:13:58,2025-06-07 22:13:58,13296
84,549,Т-Страхование,2022-10-19 15:43:14,2023-10-19 15:43:14,8458
85,549,РЕСО-Гарантия,2023-10-19 15:43:14,2024-10-18 15:43:14,21351
86,549,Росгосстрах,2024-10-18 15:43:14,2025-10-18 15:43:14,6815
87,129,Ингосстрах,2024-09-25 16:52:21,2025-09-25 16:52:21,23804
88,151,АльфаСтрахование,2024-02-06 21:11:41,2025-02-05 21:11:41,12259
89,151,Ингосстрах,2025-02-05 21:11:41,2026-02-05 21:11:41,16598
90,143,Ингосстрах,2023-10-26 07:09:48,2024-10-25 07:09:48,20518
91,143,АльфаСтрахование,2024-10-25 07:09:48,2025-10-25 07:09:48,5152
92,200,ВСК,2024-11-27 04:51:13,2025-11-27 04:51:13,14195
93,825,Т-Страхование,2025-03-12 06:20:34,2026-03-12 06:20:34,9137
94,391,РЕСО-Гарантия,2024-12-19 01:44:33,2025-12-19 01:44:33,7673
95,1110,ВСК,2025-04-30 22:32:59,2026-04-30 22:32:59,18058
96,970,Ингосстрах,2024-12-18 09:23:14,2025-12-18 09:23:14,12933
97,883,Ингосстрах,2025-04-17 11:29:19,2026-04-17 11:29:19,18436
98,252,РЕСО-Гарантия,2024-02-11 12:07:11,2025-02-10 12:07:11,18519
99,252,ВСК,2025-02-10 12:07:11,2026-02-10 12:07:11,16858
100,417,Т-Страхование,2024-09-19 00:40:42,2025-09-19 00:40:42,16297
101,601,РЕСО-Гарантия,2024-12-10 17:06:40,2025-12-10 17:06:40,8187
102,424,Т-Страхование,2025-05-04 02:52:36,2026-05-04 02:52:36,9054
103,939,Т-Страхование,2025-01-01 01:05:59,2026-01-01 01:05:59,17137
104,426,РЕСО-Гарантия,2025-04-22 09:17:04,2026-04-22 09:17:04,21268
105,784,ВСК,2025-04-20 06:20:17,2026-04-20 06:20:17,17954
106,817,Ингосстрах,2025-04-15 09:27:10,2026-04-15 09:27:10,15661
107,777,АльфаСтрахование,2024-06-03 16:08:06,2025-06-03 16:08:06,12829
108,395,Т-Страхование,2025-03-18 06:16:01,2026-03-18 06:16:01,12991
109,758,РЕСО-Гарантия,2023-04-18 00:49:37,2024-04-17 00:49:37,20872
110,758,Росгосстрах,2024-04-17 00:49:37,2025-04-17 00:49:37,24827
111,758,Ингосстрах,2025-04-17 00:49:37,2026-04-17 00:49:37,23340
112,74,Т-Страхование,2025-05-12 14:46:21,2026-05-12 14:46:21,8420
113,835,Ингосстрах,2023-10-23 08:05:20,2024-10-22 08:05:20,24478
114,835,Т-Страхование,2024-10-22 08:05:20,2025-10-22 08:05:20,18865
115,893,ВСК,2023-01-10 05:48:38,2024-01-10 05:48:38,15994
116,893,РЕСО-Гарантия,2024-01-10 05:48:38,2025-01-09 05:48:38,15697
117,893,Т-Страхование,2025-01-09 05:48:38,2026-01-09 05:48:38,24331
118,940,ВСК,2024-10-05 20:12:06,2025-10-05 20:12:06,21760
119,470,РЕСО-Гарантия,2024-09-08 23:30:17,2025-09-08 23:30:17,19972
120,155,АльфаСтрахование,2024-12-02 06:50:34,2025-12-02 06:50:34,17233
121,968,РЕСО-Гарантия,2024-09-18 14:23:23,2025-09-18 14:23:23,5842
122,212,Росгосстрах,2024-08-08 11:42:16,2025-08-08 11:42:16,20196
123,505,Росгосстрах,2023-06-02 19:51:44,2024-06-01 19:51:44,11482
124,505,РЕСО-Гарантия,2024-06-01 19:51:44,2025-06-01 19:51:44,19772
125,685,Ингосстрах,2023-06-11 00:14:42,2024-06-10 00:14:42,7495
126,685,Росгосстрах,2024-06-10 00:14:42,2025-06-10 00:14:42,21985
127,631,Росгосстрах,2024-07-18 18:14:11,2025-07-18 18:14:11,24153
128,551,ВСК,2023-12-24 00:39:17,2024-12-23 00:39:17,15002
129,551,Т-Страхование,2024-12-23 00:39:17,2025-12-23 00:39:17,21250
130,76,ВСК,2024-01-07 10:24:57,2025-01-06 10:24:57,20888
131,76,Т-Страхование,2025-01-06 10:24:57,2026-01-06 10:24:57,11497
132,1182,Ингосстрах,2025-03-11 21:23:18,2026-03-11 21:23:18,9444
133,152,Ингосстрах,2024-07-27 03:36:06,2025-07-27 03:36:06,16724
134,823,АльфаСтрахование,2023-08-26 03:12:53,2024-08-25 03:12:53,18890
135,823,Росгосстрах,2024-08-25 03:12:53,2025-08-25 03:12:53,11966
136,689,АльфаСтрахование,2024-09-25 04:16:05,2025-09-25 04:16:05,9857
137,696,Росгосстрах,2025-04-05 02:46:58,2026-04-05 02:46:58,10740
138,763,Т-Страхование,2024-08-23 23:35:06,2025-08-23 23:35:06,21492
139,439,Росгосстрах,2025-02-11 05:30:02,2026-02-11 05:30:02,5043
140,599,АльфаСтрахование,2024-11-22 00:53:18,2025-11-22 00:53:18,5217
141,783,АльфаСтрахование,2025-05-01 08:43:51,2026-05-01 08:43:51,10616
142,603,Т-Страхование,2024-07-05 17:41:32,2025-07-05 17:41:32,18087
143,614,ВСК,2023-09-22 23:38:39,2024-09-21 23:38:39,11869
144,614,Т-Страхование,2024-09-21 23:38:39,2025-09-21 23:38:39,20819
145,953,РЕСО-Гарантия,2023-05-01 11:11:37,2024-04-30 11:11:37,10549
146,953,АльфаСтрахование,2024-04-30 11:11:37,2025-04-30 11:11:37,18927
147,953,Т-Страхование,2025-04-30 11:11:37,2026-04-30 11:11:37,19345
148,1132,Ингосстрах,2024-08-06 09:17:26,2025-08-06 09:17:26,13288
149,1153,Т-Страхование,2025-04-25 14:48:07,2026-04-25 14:48:07,9856
150,478,ВСК,2024-02-29 20:35:39,2025-02-28 20:35:39,9402
151,478,ВСК,2025-02-28 20:35:39,2026-02-28 20:35:39,17229
152,1046,Т-Страхование,2024-09-17 14:30:07,2025-09-17 14:30:07,16455
153,343,Т-Страхование,2024-08-12 23:17:05,2025-08-12 23:17:05,7882
154,925,Т-Страхование,2024-02-17 13:41:48,2025-02-16 13:41:48,17181
155,925,Росгосстрах,2025-02-16 13:41:48,2026-02-16 13:41:48,21203
156,315,АльфаСтрахование,2024-12-11 15:59:16,2025-12-11 15:59:16,17619
157,351,Росгосстрах,2024-02-11 01:25:29,2025-02-10 01:25:29,9099
158,351,Росгосстрах,2025-02-10 01:25:29,2026-02-10 01:25:29,14342
159,457,Т-Страхование,2024-12-15 17:18:42,2025-12-15 17:18:42,20126
160,760,РЕСО-Гарантия,2024-06-22 13:22:42,2025-06-22 13:22:42,22757
161,649,РЕСО-Гарантия,2024-04-01 08:34:52,2025-04-01 08:34:52,17788
162,649,АльфаСтрахование,2025-04-01 08:34:52,2026-04-01 08:34:52,23452
163,310,АльфаСтрахование,2023-07-17 15:10:24,2024-07-16 15:10:24,21747
164,310,ВСК,2024-07-16 15:10:24,2025-07-16 15:10:24,6244
165,242,Т-Страхование,2024-09-02 16:56:28,2025-09-02 16:56:28,8632
166,1054,Ингосстрах,2025-05-18 17:50:56,2026-05-18 17:50:56,21216
167,1162,РЕСО-Гарантия,2025-03-06 00:20:00,2026-03-06 00:20:00,18066
168,770,ВСК,2024-11-25 08:11:23,2025-11-25 08:11:23,17749
169,491,АльфаСтрахование,2023-05-02 01:09:33,2024-05-01 01:09:33,6276
170,491,Т-Страхование,2024-05-01 01:09:33,2025-05-01 01:09:33,14643
171,491,ВСК,2025-05-01 01:09:33,2026-05-01 01:09:33,24060
172,1000,Ингосстрах,2025-05-22 01:08:57,2026-05-22 01:08:57,10340
173,964,ВСК,2023-08-08 03:15:41,2024-08-07 03:15:41,10765
174,964,РЕСО-Гарантия,2024-08-07 03:15:41,2025-08-07 03:15:41,10284
175,705,АльфаСтрахование,2025-02-10 12:30:45,2026-02-10 12:30:45,19283
176,899,Росгосстрах,2023-09-13 19:23:37,2024-09-12 19:23:37,7130
177,899,Т-Страхование,2024-09-12 19:23:37,2025-09-12 19:23:37,9523
178,397,Ингосстрах,2024-01-21 21:47:20,2025-01-20 21:47:20,15148
179,397,Росгосстрах,2025-01-20 21:47:20,2026-01-20 21:47:20,5811
180,210,ВСК,2023-07-30 21:36:39,2024-07-29 21:36:39,24900
181,210,Росгосстрах,2024-07-29 21:36:39,2025-07-29 21:36:39,15642
182,154,Росгосстрах,2024-12-24 03:30:14,2025-12-24 03:30:14,11045
183,1089,ВСК,2022-12-31 03:54:22,2023-12-31 03:54:22,9523
184,1089,РЕСО-Гарантия,2023-12-31 03:54:22,2024-12-30 03:54:22,18675
185,1089,Ингосстрах,2024-12-30 03:54:22,2025-12-30 03:54:22,9013
186,402,ВСК,2025-05-01 17:24:31,2026-05-01 17:24:31,7641
187,593,АльфаСтрахование,2024-09-22 06:14:55,2025-09-22 06:14:55,13975
188,355,Ингосстрах,2025-04-16 07:39:35,2026-04-16 07:39:35,14731
189,299,Т-Страхование,2024-06-11 13:38:05,2025-06-11 13:38:05,21672
190,615,Ингосстрах,2024-03-29 20:03:55,2025-03-29 20:03:55,16818
191,615,РЕСО-Гарантия,2025-03-29 20:03:55,2026-03-29 20:03:55,13326
192,589,ВСК,2025-03-12 21:39:20,2026-03-12 21:39:20,23774
193,537,РЕСО-Гарантия,2025-04-03 14:14:55,2026-04-03 14:14:55,8622
194,434,Росгосстрах,2025-01-07 06:02:39,2026-01-07 06:02:39,11526
195,113,Т-Страхование,2023-11-03 11:40:03,2024-11-02 11:40:03,13923
196,113,Ингосстрах,2024-11-02 11:40:03,2025-11-02 11:40:03,5780
197,219,РЕСО-Гарантия,2025-01-20 21:46:53,2026-01-20 21:46:53,5143
198,320,Т-Страхование,2025-03-25 05:27:18,2026-03-25 05:27:18,22840
199,1197,АльфаСтрахование,2024-11-09 00:44:13,2025-11-09 00:44:13,10474
200,864,Т-Страхование,2023-09-30 21:13:57,2024-09-29 21:13:57,24098
201,864,Т-Страхование,2024-09-29 21:13:57,2025-09-29 21:13:57,9664
202,50,Ингосстрах,2024-12-07 03:46:54,2025-12-07 03:46:54,24472
203,83,ВСК,2023-08-25 12:31:47,2024-08-24 12:31:47,23272
204,83,АльфаСтрахование,2024-08-24 12:31:47,2025-08-24 12:31:47,9176
205,97,Т-Страхование,2023-12-22 08:49:47,2024-12-21 08:49:47,24515
206,97,Росгосстрах,2024-12-21 08:49:47,2025-12-21 08:49:47,7300
207,245,РЕСО-Гарантия,2025-02-21 01:08:20,2026-02-21 01:08:20,17965
208,957,РЕСО-Гарантия,2025-05-10 16:12:21,2026-05-10 16:12:21,24207
209,359,Ингосстрах,2024-10-07 22:24:44,2025-10-07 22:24:44,20251
210,128,Росгосстрах,2024-08-28 23:05:14,2025-08-28 23:05:14,23733
211,141,АльфаСтрахование,2024-01-29 14:23:05,2025-01-28 14:23:05,24210
212,141,Росгосстрах,2025-01-28 14:23:05,2026-01-28 14:23:05,14222
213,1147,Росгосстрах,2024-11-26 22:47:11,2025-11-26 22:47:11,11089
214,799,ВСК,2024-09-29 11:20:13,2025-09-29 11:20:13,18042
215,958,ВСК,2025-04-22 00:43:33,2026-04-22 00:43:33,5157
216,980,Т-Страхование,2025-05-30 03:21:22,2026-05-30 03:21:22,21917
217,312,Ингосстрах,2024-07-11 13:46:37,2025-07-11 13:46:37,13641
218,353,Ингосстрах,2023-08-07 05:41:19,2024-08-06 05:41:19,14011
219,353,АльфаСтрахование,2024-08-06 05:41:19,2025-08-06 05:41:19,7555
220,993,Росгосстрах,2025-05-28 10:48:47,2026-05-28 10:48:47,7487
221,849,Т-Страхование,2024-07-27 20:27:30,2025-07-27 20:27:30,8468
222,644,АльфаСтрахование,2024-06-03 19:52:24,2025-06-03 19:52:24,13292
223,1061,АльфаСтрахование,2023-12-05 05:31:42,2024-12-04 05:31:42,23231
224,1061,Ингосстрах,2024-12-04 05:31:42,2025-12-04 05:31:42,12828
225,375,Ингосстрах,2023-07-23 05:20:06,2024-07-22 05:20:06,5684
226,375,Ингосстрах,2024-07-22 05:20:06,2025-07-22 05:20:06,5171
227,147,АльфаСтрахование,2024-07-02 13:14:26,2025-07-02 13:14:26,20698
228,90,РЕСО-Гарантия,2024-04-15 03:00:27,2025-04-15 03:00:27,6303
229,90,РЕСО-Гарантия,2025-04-15 03:00:27,2026-04-15 03:00:27,7876
230,460,Росгосстрах,2025-04-27 07:18:22,2026-04-27 07:18:22,18311
231,333,РЕСО-Гарантия,2023-10-01 07:55:21,2024-09-30 07:55:21,6988
232,333,Ингосстрах,2024-09-30 07:55:21,2025-09-30 07:55:21,23392
233,563,АльфаСтрахование,2025-04-04 15:18:11,2026-04-04 15:18:11,13149
234,896,Т-Страхование,2025-01-06 16:42:35,2026-01-06 16:42:35,19622
235,285,Т-Страхование,2025-02-18 03:06:31,2026-02-18 03:06:31,19420
236,811,ВСК,2024-12-27 06:20:52,2025-12-27 06:20:52,21454
237,394,Т-Страхование,2025-01-31 04:50:00,2026-01-31 04:50:00,13067
238,598,Ингосстрах,2025-05-26 16:24:15,2026-05-26 16:24:15,7134
239,596,Ингосстрах,2024-06-17 17:19:34,2025-06-17 17:19:34,20040
240,829,Росгосстрах,2024-10-05 08:19:06,2025-10-05 08:19:06,18891
241,992,Росгосстрах,2024-10-26 10:01:06,2025-10-26 10:01:06,12740
242,842,РЕСО-Гарантия,2024-06-01 08:05:56,2025-06-01 08:05:56,10807
243,153,Т-Страхование,2024-08-07 01:33:19,2025-08-07 01:33:19,7588
244,1109,ВСК,2025-05-20 08:46:31,2026-05-20 08:46:31,21922
245,28,АльфаСтрахование,2024-08-09 14:50:22,2025-08-09 14:50:22,20841
246,126,ВСК,2024-07-27 12:12:13,2025-07-27 12:12:13,22388
247,420,Т-Страхование,2024-09-11 16:48:04,2025-09-11 16:48:04,5715
248,239,АльфаСтрахование,2023-12-09 14:15:10,2024-12-08 14:15:10,11100
249,239,ВСК,2024-12-08 14:15:10,2025-12-08 14:15:10,9245
250,1163,Ингосстрах,2025-02-07 09:16:39,2026-02-07 09:16:39,16413
251,406,АльфаСтрахование,2024-06-12 23:22:32,2025-06-12 23:22:32,23719
252,474,АльфаСтрахование,2021-08-28 03:52:23,2022-08-28 03:52:23,20986
253,474,Ингосстрах,2022-08-28 03:52:23,2023-08-28 03:52:23,11443
254,474,Т-Страхование,2023-08-28 03:52:23,2024-08-27 03:52:23,15848
255,474,РЕСО-Гарантия,2024-08-27 03:52:23,2025-08-27 03:52:23,10518
256,1036,Т-Страхование,2024-08-03 17:46:16,2025-08-03 17:46:16,11692
257,722,ВСК,2024-02-03 20:35:35,2025-02-02 20:35:35,11816
258,722,Т-Страхование,2025-02-02 20:35:35,2026-02-02 20:35:35,10442
259,852,Т-Страхование,2025-05-23 02:08:31,2026-05-23 02:08:31,13856
260,1124,АльфаСтрахование,2025-02-22 01:51:53,2026-02-22 01:51:53,11444
261,383,Т-Страхование,2024-07-01 20:29:36,2025-07-01 20:29:36,17321
262,164,РЕСО-Гарантия,2023-08-30 22:18:14,2024-08-29 22:18:14,11824
263,164,ВСК,2024-08-29 22:18:14,2025-08-29 22:18:14,20361
264,492,Ингосстрах,2025-03-29 18:58:02,2026-03-29 18:58:02,10945
265,1078,Росгосстрах,2025-04-23 11:07:36,2026-04-23 11:07:36,8921
266,300,РЕСО-Гарантия,2024-03-09 02:30:59,2025-03-09 02:30:59,14108
267,300,Росгосстрах,2025-03-09 02:30:59,2026-03-09 02:30:59,24310
268,278,ВСК,2024-04-27 22:07:12,2025-04-27 22:07:12,11666
269,278,Росгосстрах,2025-04-27 22:07:12,2026-04-27 22:07:12,21056
270,710,АльфаСтрахование,2023-08-13 01:01:04,2024-08-12 01:01:04,22506
271,710,Ингосстрах,2024-08-12 01:01:04,2025-08-12 01:01:04,12540
272,171,Т-Страхование,2024-11-26 09:13:06,2025-11-26 09:13:06,8741
273,948,ВСК,2024-12-23 18:29:55,2025-12-23 18:29:55,13591
274,506,АльфаСтрахование,2025-05-05 11:52:36,2026-05-05 11:52:36,16904
275,571,РЕСО-Гарантия,2025-05-10 00:52:35,2026-05-10 00:52:35,14512
276,40,РЕСО-Гарантия,2024-06-05 17:57:43,2025-06-05 17:57:43,6287
277,428,АльфаСтрахование,2024-06-22 08:02:39,2025-06-22 08:02:39,24106
278,919,Росгосстрах,2024-10-28 00:27:05,2025-10-28 00:27:05,23504
279,194,АльфаСтрахование,2024-12-24 22:03:50,2025-12-24 22:03:50,9472
280,900,Т-Страхование,2024-09-27 02:58:52,2025-09-27 02:58:52,9927
281,363,АльфаСтрахование,2024-06-03 04:37:05,2025-06-03 04:37:05,12101
282,526,ВСК,2025-01-24 11:07:47,2026-01-24 11:07:47,20968
283,870,Т-Страхование,2025-02-21 03:43:22,2026-02-21 03:43:22,6443
284,534,РЕСО-Гарантия,2024-11-05 00:54:10,2025-11-05 00:54:10,12832
285,764,Т-Страхование,2024-09-15 01:44:32,2025-09-15 01:44:32,6046
286,624,ВСК,2024-07-26 20:12:53,2025-07-26 20:12:53,12133
287,540,ВСК,2025-01-07 11:30:35,2026-01-07 11:30:35,5964
288,841,ВСК,2025-04-14 00:48:05,2026-04-14 00:48:05,15354
289,241,РЕСО-Гарантия,2024-08-27 20:02:47,2025-08-27 20:02:47,15667
290,923,Т-Страхование,2025-01-02 19:49:30,2026-01-02 19:49:30,17757
291,445,РЕСО-Гарантия,2025-04-25 16:40:04,2026-04-25 16:40:04,6119
292,125,Ингосстрах,2024-10-17 19:33:54,2025-10-17 19:33:54,11111
293,188,Т-Страхование,2023-10-04 19:22:28,2024-10-03 19:22:28,20746
294,188,Росгосстрах,2024-10-03 19:22:28,2025-10-03 19:22:28,11366
295,805,ВСК,2024-10-19 10:14:55,2025-10-19 10:14:55,15042
296,382,АльфаСтрахование,2023-06-15 05:28:24,2024-06-14 05:28:24,24392
297,382,РЕСО-Гарантия,2024-06-14 05:28:24,2025-06-14 05:28:24,13590
298,641,Ингосстрах,2024-11-16 14:53:12,2025-11-16 14:53:12,18244
299,398,Т-Страхование,2024-01-29 13:58:18,2025-01-28 13:58:18,13782
300,398,РЕСО-Гарантия,2025-01-28 13:58:18,2026-01-28 13:58:18,5652
301,793,РЕСО-Гарантия,2024-01-13 19:49:18,2025-01-12 19:49:18,23079
302,793,ВСК,2025-01-12 19:49:18,2026-01-12 19:49:18,12715
303,1088,АльфаСтрахование,2024-08-11 13:07:23,2025-08-11 13:07:23,13615
304,636,Ингосстрах,2024-08-06 06:24:22,2025-08-06 06:24:22,15296
305,1060,ВСК,2025-03-29 02:37:27,2026-03-29 02:37:27,8282
306,918,Т-Страхование,2025-05-01 15:13:51,2026-05-01 15:13:51,9251
307,467,Росгосстрах,2025-03-21 11:29:39,2026-03-21 11:29:39,22085
308,921,Ингосстрах,2024-06-02 01:28:46,2025-06-02 01:28:46,8179
309,1080,Ингосстрах,2024-06-13 22:27:17,2025-06-13 22:27:17,9900
310,287,ВСК,2024-02-22 11:23:43,2025-02-21 11:23:43,8981
311,287,Ингосстрах,2025-02-21 11:23:43,2026-02-21 11:23:43,19820
312,442,РЕСО-Гарантия,2025-03-01 00:06:24,2026-03-01 00:06:24,5063
313,1087,ВСК,2025-03-09 19:09:03,2026-03-09 19:09:03,21376
314,662,Росгосстрах,2024-12-22 02:58:14,2025-12-22 02:58:14,23656
315,400,ВСК,2023-07-21 18:20:07,2024-07-20 18:20:07,15662
316,400,Росгосстрах,2024-07-20 18:20:07,2025-07-20 18:20:07,8835
317,809,ВСК,2025-02-09 18:31:25,2026-02-09 18:31:25,19227
318,778,ВСК,2024-07-18 21:18:17,2025-07-18 21:18:17,18337
319,739,АльфаСтрахование,2025-04-06 09:05:36,2026-04-06 09:05:36,12838
320,1074,АльфаСтрахование,2025-05-08 09:28:01,2026-05-08 09:28:01,22506
321,515,Росгосстрах,2024-09-23 15:10:59,2025-09-23 15:10:59,22574
322,166,Т-Страхование,2024-09-11 00:51:48,2025-09-11 00:51:48,5654
323,891,ВСК,2024-02-19 14:16:47,2025-02-18 14:16:47,12745
324,891,Т-Страхование,2025-02-18 14:16:47,2026-02-18 14:16:47,7836
325,672,Росгосстрах,2025-03-31 13:51:28,2026-03-31 13:51:28,16954
326,1010,Росгосстрах,2025-03-05 05:58:11,2026-03-05 05:58:11,6430
327,1106,Росгосстрах,2025-01-15 07:05:33,2026-01-15 07:05:33,15397
328,797,Росгосстрах,2024-07-16 06:06:48,2025-07-16 06:06:48,8216
329,542,Росгосстрах,2024-08-23 14:48:24,2025-08-23 14:48:24,17871
330,791,Росгосстрах,2023-06-15 07:23:18,2024-06-14 07:23:18,5400
331,791,Росгосстрах,2024-06-14 07:23:18,2025-06-14 07:23:18,22084
332,950,Росгосстрах,2025-01-29 02:46:21,2026-01-29 02:46:21,24141
333,767,РЕСО-Гарантия,2022-10-26 15:47:03,2023-10-26 15:47:03,18379
334,767,РЕСО-Гарантия,2023-10-26 15:47:03,2024-10-25 15:47:03,6647
335,767,АльфаСтрахование,2024-10-25 15:47:03,2025-10-25 15:47:03,24148
336,1102,Росгосстрах,2024-04-22 13:05:38,2025-04-22 13:05:38,23980
337,1102,Росгосстрах,2025-04-22 13:05:38,2026-04-22 13:05:38,11987
338,946,Ингосстрах,2020-07-08 11:19:46,2021-07-08 11:19:46,7487
339,946,АльфаСтрахование,2021-07-08 11:19:46,2022-07-08 11:19:46,14480
340,946,Т-Страхование,2022-07-08 11:19:46,2023-07-08 11:19:46,16799
341,946,АльфаСтрахование,2023-07-08 11:19:46,2024-07-07 11:19:46,12795
342,946,Ингосстрах,2024-07-07 11:19:46,2025-07-07 11:19:46,15567
343,286,АльфаСтрахование,2024-05-30 06:11:55,2025-05-30 06:11:55,19902
344,947,Ингосстрах,2024-12-14 22:54:09,2025-12-14 22:54:09,7580
345,590,Ингосстрах,2024-10-21 06:45:44,2025-10-21 06:45:44,9380
346,1085,Т-Страхование,2024-09-30 14:29:02,2025-09-30 14:29:02,7350
347,294,АльфаСтрахование,2025-02-09 03:32:59,2026-02-09 03:32:59,10491
348,847,Ингосстрах,2025-04-09 12:33:23,2026-04-09 12:33:23,9357
349,309,АльфаСтрахование,2023-12-05 15:51:24,2024-12-04 15:51:24,7749
350,309,Т-Страхование,2024-12-04 15:51:24,2025-12-04 15:51:24,15226
351,422,Т-Страхование,2023-06-21 05:16:00,2024-06-20 05:16:00,5859
352,422,ВСК,2024-06-20 05:16:00,2025-06-20 05:16:00,21620
353,697,Росгосстрах,2024-09-15 17:02:27,2025-09-15 17:02:27,22698
354,865,Т-Страхование,2022-07-16 18:56:16,2023-07-16 18:56:16,5943
355,865,Ингосстрах,2023-07-16 18:56:16,2024-07-15 18:56:16,24629
356,865,РЕСО-Гарантия,2024-07-15 18:56:16,2025-07-15 18:56:16,22854
357,503,АльфаСтрахование,2024-01-10 17:32:24,2025-01-09 17:32:24,20344
358,503,АльфаСтрахование,2025-01-09 17:32:24,2026-01-09 17:32:24,10218
359,35,Росгосстрах,2023-08-12 03:03:54,2024-08-11 03:03:54,16885
360,35,ВСК,2024-08-11 03:03:54,2025-08-11 03:03:54,9381
361,105,Росгосстрах,2024-11-04 11:29:34,2025-11-04 11:29:34,8372
362,744,РЕСО-Гарантия,2022-09-06 14:46:16,2023-09-06 14:46:16,15920
363,744,РЕСО-Гарантия,2023-09-06 14:46:16,2024-09-05 14:46:16,14984
364,744,Т-Страхование,2024-09-05 14:46:16,2025-09-05 14:46:16,20895
365,376,РЕСО-Гарантия,2022-05-31 10:15:51,2023-05-31 10:15:51,14564
366,376,Ингосстрах,2023-05-31 10:15:51,2024-05-30 10:15:51,15358
367,376,АльфаСтрахование,2024-05-30 10:15:51,2025-05-30 10:15:51,6358
368,1014,РЕСО-Гарантия,2025-04-09 16:27:05,2026-04-09 16:27:05,7987
369,954,Т-Страхование,2025-03-18 17:15:00,2026-03-18 17:15:00,18311
370,58,АльфаСтрахование,2023-05-07 23:51:53,2024-05-06 23:51:53,6352
371,58,Росгосстрах,2024-05-06 23:51:53,2025-05-06 23:51:53,5481
372,58,АльфаСтрахование,2025-05-06 23:51:53,2026-05-06 23:51:53,22181
373,1156,РЕСО-Гарантия,2024-10-25 14:18:53,2025-10-25 14:18:53,20636
374,1175,Росгосстрах,2024-09-13 15:58:30,2025-09-13 15:58:30,16819
375,317,ВСК,2024-07-07 11:48:23,2025-07-07 11:48:23,5592
376,62,Т-Страхование,2024-10-22 16:36:57,2025-10-22 16:36:57,23650
377,609,Т-Страхование,2025-04-21 10:32:53,2026-04-21 10:32:53,13722
378,387,Росгосстрах,2024-07-11 13:39:47,2025-07-11 13:39:47,23253
379,404,АльфаСтрахование,2023-05-10 20:54:24,2024-05-09 20:54:24,18313
380,404,Росгосстрах,2024-05-09 20:54:24,2025-05-09 20:54:24,21321
381,404,Росгосстрах,2025-05-09 20:54:24,2026-05-09 20:54:24,7650
382,572,ВСК,2022-07-17 19:54:02,2023-07-17 19:54:02,17898
383,572,РЕСО-Гарантия,2023-07-17 19:54:02,2024-07-16 19:54:02,17210
384,572,Росгосстрах,2024-07-16 19:54:02,2025-07-16 19:54:02,18128
385,30,РЕСО-Гарантия,2024-12-13 23:31:18,2025-12-13 23:31:18,11770
386,93,РЕСО-Гарантия,2024-07-22 05:01:54,2025-07-22 05:01:54,23527
387,1199,Росгосстрах,2023-08-09 12:17:11,2024-08-08 12:17:11,8490
388,1199,АльфаСтрахование,2024-08-08 12:17:11,2025-08-08 12:17:11,15372
389,87,Т-Страхование,2024-08-04 06:45:06,2025-08-04 06:45:06,12834
390,1123,АльфаСтрахование,2024-09-18 20:18:35,2025-09-18 20:18:35,24451
391,1105,Росгосстрах,2024-07-12 23:11:41,2025-07-12 23:11:41,17791
392,969,АльфаСтрахование,2024-08-25 07:55:35,2025-08-25 07:55:35,12708
393,168,Т-Страхование,2025-02-14 16:07:07,2026-02-14 16:07:07,10487
394,543,Росгосстрах,2025-03-02 18:05:44,2026-03-02 18:05:44,7651
395,13,ВСК,2025-05-02 15:51:42,2026-05-02 15:51:42,22557
396,544,Т-Страхование,2024-08-02 07:22:01,2025-08-02 07:22:01,17577
397,1142,Ингосстрах,2025-03-15 12:14:59,2026-03-15 12:14:59,6750
398,41,ВСК,2025-03-10 23:21:45,2026-03-10 23:21:45,15827
399,821,Т-Страхование,2025-01-09 07:56:31,2026-01-09 07:56:31,17505
400,1053,Ингосстрах,2022-10-22 11:10:23,2023-10-22 11:10:23,10993
401,1053,АльфаСтрахование,2023-10-22 11:10:23,2024-10-21 11:10:23,10451
402,1053,Ингосстрах,2024-10-21 11:10:23,2025-10-21 11:10:23,18897
403,914,ВСК,2023-06-23 22:28:49,2024-06-22 22:28:49,22644
404,914,Ингосстрах,2024-06-22 22:28:49,2025-06-22 22:28:49,18041
405,4,Росгосстрах,2024-06-29 11:02:31,2025-06-29 11:02:31,15843
406,254,Ингосстрах,2024-06-09 02:36:25,2025-06-09 02:36:25,12463
407,976,Т-Страхование,2022-07-19 02:25:20,2023-07-19 02:25:20,12762
408,976,АльфаСтрахование,2023-07-19 02:25:20,2024-07-18 02:25:20,12622
409,976,Т-Страхование,2024-07-18 02:25:20,2025-07-18 02:25:20,7014
410,742,Росгосстрах,2022-09-02 18:12:10,2023-09-02 18:12:10,10296
411,742,Росгосстрах,2023-09-02 18:12:10,2024-09-01 18:12:10,7116
412,742,Ингосстрах,2024-09-01 18:12:10,2025-09-01 18:12:10,23154
413,692,Т-Страхование,2024-08-07 16:14:33,2025-08-07 16:14:33,13349
414,528,АльфаСтрахование,2024-08-13 19:34:56,2025-08-13 19:34:56,5164
415,290,ВСК,2023-05-06 17:27:26,2024-05-05 17:27:26,8087
416,290,РЕСО-Гарантия,2024-05-05 17:27:26,2025-05-05 17:27:26,21103
417,290,Ингосстрах,2025-05-05 17:27:26,2026-05-05 17:27:26,22948
418,462,Т-Страхование,2024-03-13 03:27:07,2025-03-13 03:27:07,16354
419,462,ВСК,2025-03-13 03:27:07,2026-03-13 03:27:07,9349
420,658,Росгосстрах,2024-07-30 14:12:20,2025-07-30 14:12:20,24898
421,182,Ингосстрах,2025-03-06 07:10:17,2026-03-06 07:10:17,15605
422,890,Ингосстрах,2025-03-18 20:27:35,2026-03-18 20:27:35,20626
423,1017,Т-Страхование,2025-04-10 08:15:08,2026-04-10 08:15:08,13344
424,856,Ингосстрах,2024-07-16 05:19:31,2025-07-16 05:19:31,14322
425,235,АльфаСтрахование,2023-08-23 08:20:00,2024-08-22 08:20:00,12551
426,235,Ингосстрах,2024-08-22 08:20:00,2025-08-22 08:20:00,19035
427,156,Ингосстрах,2024-01-06 23:22:14,2025-01-05 23:22:14,22389
428,156,Т-Страхование,2025-01-05 23:22:14,2026-01-05 23:22:14,5295
429,524,Т-Страхование,2024-01-10 07:16:28,2025-01-09 07:16:28,7140
430,524,Росгосстрах,2025-01-09 07:16:28,2026-01-09 07:16:28,16298
431,1047,АльфаСтрахование,2025-02-01 19:12:45,2026-02-01 19:12:45,17325
432,1013,РЕСО-Гарантия,2025-02-18 23:58:42,2026-02-18 23:58:42,21383
433,1133,АльфаСтрахование,2024-07-21 22:04:31,2025-07-21 22:04:31,12014
434,275,Ингосстрах,2023-05-25 11:31:26,2024-05-24 11:31:26,20303
435,275,РЕСО-Гарантия,2024-05-24 11:31:26,2025-05-24 11:31:26,17115
436,275,РЕСО-Гарантия,2025-05-24 11:31:26,2026-05-24 11:31:26,8802
437,773,АльфаСтрахование,2025-03-04 13:13:53,2026-03-04 13:13:53,23747
438,220,Ингосстрах,2024-12-26 00:17:37,2025-12-26 00:17:37,11005
439,1160,Т-Страхование,2024-09-29 10:00:36,2025-09-29 10:00:36,6840
440,536,Т-Страхование,2025-05-25 00:03:16,2026-05-25 00:03:16,7405
441,712,ВСК,2025-05-09 17:25:13,2026-05-09 17:25:13,9760
442,432,Т-Страхование,2025-04-20 09:33:43,2026-04-20 09:33:43,5815
443,43,Росгосстрах,2024-12-13 05:02:12,2025-12-13 05:02:12,14423
444,260,РЕСО-Гарантия,2025-05-12 09:45:23,2026-05-12 09:45:23,22737
445,1181,Т-Страхование,2024-07-15 22:51:10,2025-07-15 22:51:10,9952
446,1025,ВСК,2024-09-17 03:43:46,2025-09-17 03:43:46,6681
447,699,ВСК,2024-08-10 16:16:35,2025-08-10 16:16:35,7773
448,490,Т-Страхование,2024-12-08 09:44:05,2025-12-08 09:44:05,19089
449,321,Росгосстрах,2024-08-28 20:47:37,2025-08-28 20:47:37,20334
450,11,Ингосстрах,2024-09-30 06:58:52,2025-09-30 06:58:52,24725
451,794,РЕСО-Гарантия,2024-06-13 06:27:40,2025-06-13 06:27:40,13677
452,663,ВСК,2024-08-05 00:36:02,2025-08-05 00:36:02,6120
453,651,РЕСО-Гарантия,2023-07-23 08:41:15,2024-07-22 08:41:15,17450
454,651,Ингосстрах,2024-07-22 08:41:15,2025-07-22 08:41:15,5993
455,724,ВСК,2024-07-07 23:44:23,2025-07-07 23:44:23,9908
456,1095,ВСК,2024-03-02 22:51:30,2025-03-02 22:51:30,21675
457,1095,Ингосстрах,2025-03-02 22:51:30,2026-03-02 22:51:30,13517
458,1067,Росгосстрах,2024-09-11 14:05:41,2025-09-11 14:05:41,12085
459,623,Росгосстрах,2024-03-29 11:44:31,2025-03-29 11:44:31,19966
460,623,Ингосстрах,2025-03-29 11:44:31,2026-03-29 11:44:31,12914
461,190,ВСК,2024-05-28 16:03:55,2025-05-28 16:03:55,21612
462,190,РЕСО-Гарантия,2025-05-28 16:03:55,2026-05-28 16:03:55,12856
463,1079,Росгосстрах,2025-04-09 02:00:32,2026-04-09 02:00:32,18393
464,1038,РЕСО-Гарантия,2025-01-25 01:21:31,2026-01-25 01:21:31,20868
465,728,РЕСО-Гарантия,2024-07-02 03:24:11,2025-07-02 03:24:11,10271
466,435,Росгосстрах,2023-10-30 10:02:18,2024-10-29 10:02:18,6045
467,435,Т-Страхование,2024-10-29 10:02:18,2025-10-29 10:02:18,16924
468,360,ВСК,2025-04-24 14:05:29,2026-04-24 14:05:29,8078
469,592,РЕСО-Гарантия,2024-07-05 08:34:48,2025-07-05 08:34:48,23305
470,1031,РЕСО-Гарантия,2023-06-20 07:32:56,2024-06-19 07:32:56,6893
471,1031,РЕСО-Гарантия,2024-06-19 07:32:56,2025-06-19 07:32:56,6125
472,963,РЕСО-Гарантия,2024-02-23 02:19:03,2025-02-22 02:19:03,9261
473,963,Т-Страхование,2025-02-22 02:19:03,2026-02-22 02:19:03,8864
474,1056,Т-Страхование,2025-03-21 10:29:39,2026-03-21 10:29:39,18923
475,115,Ингосстрах,2023-07-02 17:38:53,2024-07-01 17:38:53,15821
476,115,Ингосстрах,2024-07-01 17:38:53,2025-07-01 17:38:53,5302
477,863,РЕСО-Гарантия,2024-01-18 20:49:10,2025-01-17 20:49:10,21477
478,863,Т-Страхование,2025-01-17 20:49:10,2026-01-17 20:49:10,14297
479,69,ВСК,2025-04-14 18:42:45,2026-04-14 18:42:45,20784
480,565,РЕСО-Гарантия,2025-04-24 04:38:52,2026-04-24 04:38:52,22314
481,594,РЕСО-Гарантия,2025-01-10 17:38:36,2026-01-10 17:38:36,11504
482,780,АльфаСтрахование,2024-10-09 00:51:03,2025-10-09 00:51:03,5018
483,85,Т-Страхование,2023-08-25 19:47:05,2024-08-24 19:47:05,7653
484,85,ВСК,2024-08-24 19:47:05,2025-08-24 19:47:05,23053
485,416,Т-Страхование,2025-02-19 06:42:51,2026-02-19 06:42:51,13337
486,78,ВСК,2024-07-24 07:55:29,2025-07-24 07:55:29,10666
487,338,Т-Страхование,2023-07-05 15:01:07,2024-07-04 15:01:07,7159
488,338,Ингосстрах,2024-07-04 15:01:07,2025-07-04 15:01:07,20853
489,660,АльфаСтрахование,2023-05-30 23:41:24,2024-05-29 23:41:24,12395
490,660,Ингосстрах,2024-05-29 23:41:24,2025-05-29 23:41:24,11181
491,1180,Ингосстрах,2023-10-05 14:05:16,2024-10-04 14:05:16,24748
492,1180,ВСК,2024-10-04 14:05:16,2025-10-04 14:05:16,15284
493,687,АльфаСтрахование,2025-01-22 08:50:29,2026-01-22 08:50:29,11412
494,607,РЕСО-Гарантия,2024-12-02 09:22:19,2025-12-02 09:22:19,18493
495,604,Т-Страхование,2023-12-12 01:50:41,2024-12-11 01:50:41,5770
496,604,Росгосстрах,2024-12-11 01:50:41,2025-12-11 01:50:41,8234
497,357,АльфаСтрахование,2025-02-03 08:19:03,2026-02-03 08:19:03,5486
498,655,ВСК,2024-09-22 14:43:18,2025-09-22 14:43:18,21376
499,100,Росгосстрах,2025-02-11 10:22:36,2026-02-11 10:22:36,9111
500,686,РЕСО-Гарантия,2024-04-01 22:35:33,2025-04-01 22:35:33,8456
501,686,Росгосстрах,2025-04-01 22:35:33,2026-04-01 22:35:33,21659
502,619,Т-Страхование,2024-08-07 18:09:36,2025-08-07 18:09:36,11146
503,341,Росгосстрах,2025-04-10 23:10:58,2026-04-10 23:10:58,11109
504,577,РЕСО-Гарантия,2025-04-30 06:25:35,2026-04-30 06:25:35,17223
505,573,АльфаСтрахование,2025-04-27 15:06:47,2026-04-27 15:06:47,22512
506,529,Ингосстрах,2025-05-25 02:08:40,2026-05-25 02:08:40,14263
507,707,Росгосстрах,2024-02-12 01:33:44,2025-02-11 01:33:44,14959
508,707,Т-Страхование,2025-02-11 01:33:44,2026-02-11 01:33:44,6763
509,530,ВСК,2024-12-25 23:56:36,2025-12-25 23:56:36,22209
510,1004,Росгосстрах,2023-07-04 10:46:33,2024-07-03 10:46:33,21752
511,1004,РЕСО-Гарантия,2024-07-03 10:46:33,2025-07-03 10:46:33,9352
512,193,РЕСО-Гарантия,2025-04-05 06:36:55,2026-04-05 06:36:55,21196
513,698,Росгосстрах,2024-09-21 02:34:43,2025-09-21 02:34:43,23845
514,673,АльфаСтрахование,2025-05-27 05:48:07,2026-05-27 05:48:07,23505
515,566,Ингосстрах,2025-02-07 18:51:20,2026-02-07 18:51:20,12224
516,1185,Росгосстрах,2024-04-30 21:01:46,2025-04-30 21:01:46,19198
517,1185,Росгосстрах,2025-04-30 21:01:46,2026-04-30 21:01:46,15380
518,1048,Ингосстрах,2023-09-03 19:32:27,2024-09-02 19:32:27,7487
519,1048,Росгосстрах,2024-09-02 19:32:27,2025-09-02 19:32:27,11052
520,972,АльфаСтрахование,2025-02-01 04:12:27,2026-02-01 04:12:27,19910
521,1090,АльфаСтрахование,2023-10-03 15:54:05,2024-10-02 15:54:05,15003
522,1090,Ингосстрах,2024-10-02 15:54:05,2025-10-02 15:54:05,13417
523,146,Ингосстрах,2025-04-21 16:24:11,2026-04-21 16:24:11,5016
524,588,Т-Страхование,2024-07-16 00:55:29,2025-07-16 00:55:29,10694
525,1049,РЕСО-Гарантия,2025-03-02 14:19:56,2026-03-02 14:19:56,8795
526,378,Т-Страхование,2025-02-07 15:21:47,2026-02-07 15:21:47,14147
527,339,Ингосстрах,2025-01-25 14:37:03,2026-01-25 14:37:03,9047
528,5,ВСК,2024-02-06 11:44:40,2025-02-05 11:44:40,15571
529,5,Т-Страхование,2025-02-05 11:44:40,2026-02-05 11:44:40,8891
530,371,АльфаСтрахование,2024-09-25 12:32:26,2025-09-25 12:32:26,13845
531,837,АльфаСтрахование,2025-02-21 06:29:43,2026-02-21 06:29:43,7965
532,1012,Т-Страхование,2024-02-29 06:51:49,2025-02-28 06:51:49,23440
533,1012,Росгосстрах,2025-02-28 06:51:49,2026-02-28 06:51:49,13617
534,527,РЕСО-Гарантия,2024-07-16 15:30:01,2025-07-16 15:30:01,23272
535,753,РЕСО-Гарантия,2024-01-28 15:00:02,2025-01-27 15:00:02,11696
536,753,АльфаСтрахование,2025-01-27 15:00:02,2026-01-27 15:00:02,12164
537,567,Росгосстрах,2024-04-28 06:47:50,2025-04-28 06:47:50,13491
538,567,Ингосстрах,2025-04-28 06:47:50,2026-04-28 06:47:50,11063
539,368,Т-Страхование,2025-01-06 23:05:40,2026-01-06 23:05:40,22900
540,861,Ингосстрах,2024-11-28 01:56:02,2025-11-28 01:56:02,13210
541,27,АльфаСтрахование,2025-01-20 16:49:59,2026-01-20 16:49:59,22091
542,903,РЕСО-Гарантия,2024-04-01 01:20:56,2025-04-01 01:20:56,11007
543,903,АльфаСтрахование,2025-04-01 01:20:56,2026-04-01 01:20:56,5365
544,282,Ингосстрах,2024-12-24 21:04:59,2025-12-24 21:04:59,24837
545,361,АльфаСтрахование,2025-05-02 14:53:21,2026-05-02 14:53:21,19252
546,291,Ингосстрах,2024-07-02 20:51:47,2025-07-02 20:51:47,13524
547,872,РЕСО-Гарантия,2024-12-04 18:08:48,2025-12-04 18:08:48,18005
548,1149,Росгосстрах,2023-11-04 20:33:54,2024-11-03 20:33:54,5796
549,1149,ВСК,2024-11-03 20:33:54,2025-11-03 20:33:54,5053
550,512,РЕСО-Гарантия,2024-09-01 00:17:30,2025-09-01 00:17:30,18423
551,733,Росгосстрах,2024-06-07 13:42:34,2025-06-07 13:42:34,15832
552,792,РЕСО-Гарантия,2025-02-12 07:03:41,2026-02-12 07:03:41,6138
553,734,Ингосстрах,2024-07-10 09:48:56,2025-07-10 09:48:56,22017
554,541,Ингосстрах,2024-01-16 21:01:59,2025-01-15 21:01:59,13286
555,541,Росгосстрах,2025-01-15 21:01:59,2026-01-15 21:01:59,14109
556,348,АльфаСтрахование,2023-04-12 05:54:36,2024-04-11 05:54:36,6571
557,348,АльфаСтрахование,2024-04-11 05:54:36,2025-04-11 05:54:36,12945
558,348,РЕСО-Гарантия,2025-04-11 05:54:36,2026-04-11 05:54:36,5852
559,548,Ингосстрах,2025-02-08 18:13:47,2026-02-08 18:13:47,7012
560,33,Ингосстрах,2025-03-16 10:08:27,2026-03-16 10:08:27,5957
561,81,РЕСО-Гарантия,2025-04-25 22:16:49,2026-04-25 22:16:49,13198
562,1007,АльфаСтрахование,2024-04-20 13:27:53,2025-04-20 13:27:53,24608
563,1007,РЕСО-Гарантия,2025-04-20 13:27:53,2026-04-20 13:27:53,22339
564,648,Росгосстрах,2025-03-17 23:18:59,2026-03-17 23:18:59,5818
565,723,Ингосстрах,2023-07-09 18:48:56,2024-07-08 18:48:56,19386
566,723,Т-Страхование,2024-07-08 18:48:56,2025-07-08 18:48:56,20721
567,525,РЕСО-Гарантия,2023-07-11 21:56:54,2024-07-10 21:56:54,15228
568,525,Ингосстрах,2024-07-10 21:56:54,2025-07-10 21:56:54,7886
569,762,РЕСО-Гарантия,2024-10-12 06:30:33,2025-10-12 06:30:33,8428
570,256,АльфаСтрахование,2023-09-15 06:55:34,2024-09-14 06:55:34,6948
571,256,АльфаСтрахование,2024-09-14 06:55:34,2025-09-14 06:55:34,9161
572,716,ВСК,2025-04-06 14:39:52,2026-04-06 14:39:52,9781
573,556,ВСК,2024-05-22 19:59:56,2025-05-22 19:59:56,17224
574,556,Росгосстрах,2025-05-22 19:59:56,2026-05-22 19:59:56,15403
575,405,Т-Страхование,2024-08-19 08:54:13,2025-08-19 08:54:13,14246
576,447,РЕСО-Гарантия,2025-03-10 08:00:23,2026-03-10 08:00:23,10311
577,820,РЕСО-Гарантия,2024-07-13 11:07:07,2025-07-13 11:07:07,6325
578,423,ВСК,2025-04-11 06:35:30,2026-04-11 06:35:30,19601
579,303,Росгосстрах,2024-11-15 03:24:55,2025-11-15 03:24:55,5144
580,1041,ВСК,2025-02-22 12:07:32,2026-02-22 12:07:32,20767
581,952,ВСК,2024-11-19 08:39:51,2025-11-19 08:39:51,14239
582,1135,Росгосстрах,2023-06-20 02:20:04,2024-06-19 02:20:04,14548
583,1135,РЕСО-Гарантия,2024-06-19 02:20:04,2025-06-19 02:20:04,19510
584,909,Росгосстрах,2023-06-30 09:23:59,2024-06-29 09:23:59,19206
585,909,Т-Страхование,2024-06-29 09:23:59,2025-06-29 09:23:59,10528
586,102,РЕСО-Гарантия,2025-02-13 12:01:09,2026-02-13 12:01:09,7524
587,1161,АльфаСтрахование,2024-09-20 17:58:38,2025-09-20 17:58:38,21928
588,956,Росгосстрах,2024-07-11 19:11:29,2025-07-11 19:11:29,8750
589,440,Ингосстрах,2025-05-24 04:04:31,2026-05-24 04:04:31,11940
590,486,Ингосстрах,2022-05-31 04:47:53,2023-05-31 04:47:53,9445
591,486,Ингосстрах,2023-05-31 04:47:53,2024-05-30 04:47:53,19121
592,486,АльфаСтрахование,2024-05-30 04:47:53,2025-05-30 04:47:53,13201
593,412,АльфаСтрахование,2024-05-29 15:37:03,2025-05-29 15:37:03,13740
594,412,ВСК,2025-05-29 15:37:03,2026-05-29 15:37:03,19627
595,774,РЕСО-Гарантия,2025-05-24 09:37:35,2026-05-24 09:37:35,22331
596,181,Ингосстрах,2024-09-24 08:23:13,2025-09-24 08:23:13,11754
597,1033,Росгосстрах,2025-02-16 01:26:48,2026-02-16 01:26:48,8519
598,1081,Ингосстрах,2024-05-15 06:32:34,2025-05-15 06:32:34,12783
599,1081,АльфаСтрахование,2025-05-15 06:32:34,2026-05-15 06:32:34,12125
600,229,ВСК,2025-04-11 04:22:00,2026-04-11 04:22:00,16678
601,23,Ингосстрах,2025-01-02 14:50:53,2026-01-02 14:50:53,14016
602,377,ВСК,2024-12-18 20:32:18,2025-12-18 20:32:18,9315
603,679,Росгосстрах,2023-07-23 05:39:24,2024-07-22 05:39:24,13300
604,679,ВСК,2024-07-22 05:39:24,2025-07-22 05:39:24,15854
605,683,Росгосстрах,2024-04-11 12:43:14,2025-04-11 12:43:14,13200
606,683,ВСК,2025-04-11 12:43:14,2026-04-11 12:43:14,9463
607,449,Т-Страхование,2024-06-09 20:01:27,2025-06-09 20:01:27,20782
608,79,АльфаСтрахование,2024-11-04 01:03:44,2025-11-04 01:03:44,5920
609,1128,РЕСО-Гарантия,2024-09-09 02:16:36,2025-09-09 02:16:36,14092
610,902,Росгосстрах,2024-02-13 00:51:06,2025-02-12 00:51:06,6088
611,902,Т-Страхование,2025-02-12 00:51:06,2026-02-12 00:51:06,22321
612,54,ВСК,2024-10-12 07:50:43,2025-10-12 07:50:43,18023
613,1098,АльфаСтрахование,2024-10-24 22:47:26,2025-10-24 22:47:26,11381
614,982,Росгосстрах,2023-07-26 12:34:28,2024-07-25 12:34:28,14115
615,982,ВСК,2024-07-25 12:34:28,2025-07-25 12:34:28,19124
616,42,Т-Страхование,2024-02-06 11:37:31,2025-02-05 11:37:31,20143
617,42,Ингосстрах,2025-02-05 11:37:31,2026-02-05 11:37:31,24224
618,600,ВСК,2024-01-28 22:01:42,2025-01-27 22:01:42,24870
619,600,АльфаСтрахование,2025-01-27 22:01:42,2026-01-27 22:01:42,10553
620,51,Ингосстрах,2024-06-10 17:33:40,2025-06-10 17:33:40,5039
621,1063,Росгосстрах,2025-01-29 18:43:06,2026-01-29 18:43:06,9249
622,500,Ингосстрах,2024-06-09 03:44:56,2025-06-09 03:44:56,17010
623,38,АльфаСтрахование,2025-01-24 11:49:22,2026-01-24 11:49:22,24538
624,109,Росгосстрах,2024-12-28 15:58:19,2025-12-28 15:58:19,24738
625,942,Т-Страхование,2023-08-12 03:15:43,2024-08-11 03:15:43,15106
626,942,РЕСО-Гарантия,2024-08-11 03:15:43,2025-08-11 03:15:43,9754
627,1194,РЕСО-Гарантия,2025-01-30 14:21:47,2026-01-30 14:21:47,23807
628,335,АльфаСтрахование,2024-08-06 17:19:25,2025-08-06 17:19:25,14836
629,1045,АльфаСтрахование,2025-02-28 04:55:15,2026-02-28 04:55:15,14448
630,308,РЕСО-Гарантия,2024-12-08 08:34:11,2025-12-08 08:34:11,21539
631,595,АльфаСтрахование,2024-08-12 04:06:55,2025-08-12 04:06:55,7672
632,745,Т-Страхование,2024-11-14 12:26:55,2025-11-14 12:26:55,20363
633,136,АльфаСтрахование,2025-03-23 22:55:44,2026-03-23 22:55:44,13451
634,340,ВСК,2024-10-20 03:36:58,2025-10-20 03:36:58,16583
635,284,ВСК,2024-07-25 13:09:11,2025-07-25 13:09:11,17809
636,161,РЕСО-Гарантия,2025-02-05 21:45:31,2026-02-05 21:45:31,18473
637,816,РЕСО-Гарантия,2025-02-22 00:21:11,2026-02-22 00:21:11,15188
638,996,Ингосстрах,2025-02-13 18:01:54,2026-02-13 18:01:54,12500
639,145,АльфаСтрахование,2025-01-03 21:26:16,2026-01-03 21:26:16,12550
640,1077,Ингосстрах,2023-08-18 09:51:55,2024-08-17 09:51:55,22217
641,1077,ВСК,2024-08-17 09:51:55,2025-08-17 09:51:55,19528
642,57,РЕСО-Гарантия,2025-01-22 01:32:04,2026-01-22 01:32:04,5854
643,246,ВСК,2024-11-23 03:26:54,2025-11-23 03:26:54,21549
644,1015,Росгосстрах,2024-07-20 00:06:21,2025-07-20 00:06:21,10090
645,1190,ВСК,2024-10-22 03:47:15,2025-10-22 03:47:15,20156
646,61,РЕСО-Гарантия,2025-02-02 00:15:11,2026-02-02 00:15:11,15978
647,740,Т-Страхование,2025-03-09 13:10:33,2026-03-09 13:10:33,9963
648,949,Т-Страхование,2024-02-27 23:06:09,2025-02-26 23:06:09,7752
649,949,РЕСО-Гарантия,2025-02-26 23:06:09,2026-02-26 23:06:09,16788
650,1191,Ингосстрах,2023-07-19 00:01:34,2024-07-18 00:01:34,19185
651,1191,РЕСО-Гарантия,2024-07-18 00:01:34,2025-07-18 00:01:34,18763
652,1171,ВСК,2024-06-19 03:40:14,2025-06-19 03:40:14,16705
653,812,ВСК,2025-03-14 20:40:50,2026-03-14 20:40:50,16538
654,666,ВСК,2025-02-01 20:15:36,2026-02-01 20:15:36,9774
655,1151,РЕСО-Гарантия,2024-09-29 16:37:49,2025-09-29 16:37:49,16741
656,330,ВСК,2024-10-24 06:54:30,2025-10-24 06:54:30,19576
657,719,Т-Страхование,2024-10-13 10:16:31,2025-10-13 10:16:31,10297
658,328,Т-Страхование,2024-11-06 05:07:54,2025-11-06 05:07:54,7892
659,1064,ВСК,2024-02-22 00:33:33,2025-02-21 00:33:33,8060
660,1064,Т-Страхование,2025-02-21 00:33:33,2026-02-21 00:33:33,20034
661,1096,Ингосстрах,2025-03-09 21:24:22,2026-03-09 21:24:22,7984
662,1117,РЕСО-Гарантия,2024-11-26 12:35:52,2025-11-26 12:35:52,5914
663,450,Ингосстрах,2025-01-25 13:00:05,2026-01-25 13:00:05,19956
664,1137,РЕСО-Гарантия,2025-03-04 13:39:11,2026-03-04 13:39:11,17940
665,750,АльфаСтрахование,2024-07-05 22:25:28,2025-07-05 22:25:28,7885
666,1018,Росгосстрах,2025-05-07 02:19:27,2026-05-07 02:19:27,5718
667,1167,АльфаСтрахование,2025-03-22 02:15:49,2026-03-22 02:15:49,22744
668,198,АльфаСтрахование,2024-11-11 12:04:42,2025-11-11 12:04:42,9487
669,390,РЕСО-Гарантия,2024-11-18 21:32:00,2025-11-18 21:32:00,22263
670,625,Т-Страхование,2025-04-21 15:50:28,2026-04-21 15:50:28,11194
671,179,ВСК,2023-06-27 19:43:30,2024-06-26 19:43:30,15411
672,179,Росгосстрах,2024-06-26 19:43:30,2025-06-26 19:43:30,20314
673,765,Росгосстрах,2025-05-12 05:19:49,2026-05-12 05:19:49,8462
674,26,Росгосстрах,2023-07-25 05:49:22,2024-07-24 05:49:22,24690
675,26,ВСК,2024-07-24 05:49:22,2025-07-24 05:49:22,12514
676,201,РЕСО-Гарантия,2024-11-26 08:51:39,2025-11-26 08:51:39,16696
677,560,Ингосстрах,2025-04-12 17:01:51,2026-04-12 17:01:51,11918
678,429,РЕСО-Гарантия,2024-04-08 14:57:05,2025-04-08 14:57:05,22052
679,429,РЕСО-Гарантия,2025-04-08 14:57:05,2026-04-08 14:57:05,16245
680,295,РЕСО-Гарантия,2024-05-10 17:12:42,2025-05-10 17:12:42,10414
681,295,АльфаСтрахование,2025-05-10 17:12:42,2026-05-10 17:12:42,20626
682,966,ВСК,2025-01-24 14:32:19,2026-01-24 14:32:19,13294
683,272,Т-Страхование,2024-09-27 20:51:48,2025-09-27 20:51:48,15941
684,1107,Т-Страхование,2025-04-07 09:45:27,2026-04-07 09:45:27,22603
685,913,ВСК,2024-09-12 11:16:25,2025-09-12 11:16:25,11798
686,228,Росгосстрах,2025-02-28 00:54:49,2026-02-28 00:54:49,22337
687,1178,Т-Страхование,2023-06-07 07:32:03,2024-06-06 07:32:03,15117
688,1178,Ингосстрах,2024-06-06 07:32:03,2025-06-06 07:32:03,14504
689,597,Росгосстрах,2024-07-06 20:12:28,2025-07-06 20:12:28,19926
690,868,АльфаСтрахование,2023-08-27 14:48:40,2024-08-26 14:48:40,8800
691,868,ВСК,2024-08-26 14:48:40,2025-08-26 14:48:40,6540
692,886,ВСК,2024-06-07 15:26:10,2025-06-07 15:26:10,24054
693,267,Ингосстрах,2022-10-12 22:22:03,2023-10-12 22:22:03,17788
694,267,Ингосстрах,2023-10-12 22:22:03,2024-10-11 22:22:03,21249
695,267,РЕСО-Гарантия,2024-10-11 22:22:03,2025-10-11 22:22:03,7732
696,928,Ингосстрах,2024-01-09 20:40:04,2025-01-08 20:40:04,11554
697,928,Ингосстрах,2025-01-08 20:40:04,2026-01-08 20:40:04,22420
698,1116,Росгосстрах,2024-11-21 04:10:52,2025-11-21 04:10:52,21641
699,915,Т-Страхование,2023-07-20 16:21:58,2024-07-19 16:21:58,5110
700,915,Росгосстрах,2024-07-19 16:21:58,2025-07-19 16:21:58,19949
701,786,РЕСО-Гарантия,2023-10-02 16:39:17,2024-10-01 16:39:17,22365
702,786,АльфаСтрахование,2024-10-01 16:39:17,2025-10-01 16:39:17,8386
703,280,АльфаСтрахование,2025-04-05 01:06:40,2026-04-05 01:06:40,18957
704,637,Росгосстрах,2024-08-16 16:56:11,2025-08-16 16:56:11,5204
705,879,ВСК,2024-09-03 13:01:57,2025-09-03 13:01:57,19348
706,507,РЕСО-Гарантия,2025-02-06 02:24:51,2026-02-06 02:24:51,20637
707,226,Росгосстрах,2023-03-16 21:49:16,2024-03-15 21:49:16,24668
708,226,Т-Страхование,2024-03-15 21:49:16,2025-03-15 21:49:16,9494
709,226,Росгосстрах,2025-03-15 21:49:16,2026-03-15 21:49:16,14116
710,454,ВСК,2024-08-02 07:28:45,2025-08-02 07:28:45,17613
711,676,Росгосстрах,2024-09-27 09:33:16,2025-09-27 09:33:16,24545
712,1070,Ингосстрах,2024-03-25 21:31:08,2025-03-25 21:31:08,14594
713,1070,АльфаСтрахование,2025-03-25 21:31:08,2026-03-25 21:31:08,5027
714,1148,Росгосстрах,2025-01-29 22:02:49,2026-01-29 22:02:49,7503
715,1138,Ингосстрах,2025-01-11 17:39:22,2026-01-11 17:39:22,21488
716,906,Т-Страхование,2024-11-22 18:07:08,2025-11-22 18:07:08,9154
717,411,ВСК,2025-04-08 03:41:50,2026-04-08 03:41:50,10680
718,620,ВСК,2023-06-16 20:36:47,2024-06-15 20:36:47,17160
719,620,Т-Страхование,2024-06-15 20:36:47,2025-06-15 20:36:47,13318
720,381,Ингосстрах,2024-11-24 03:17:36,2025-11-24 03:17:36,15642
721,907,Ингосстрах,2024-02-14 05:59:52,2025-02-13 05:59:52,9823
722,907,ВСК,2025-02-13 05:59:52,2026-02-13 05:59:52,12885
723,475,АльфаСтрахование,2024-08-14 22:55:00,2025-08-14 22:55:00,18474
724,1131,Т-Страхование,2024-06-05 13:11:36,2025-06-05 13:11:36,20118
725,1188,АльфаСтрахование,2022-10-31 12:40:25,2023-10-31 12:40:25,17340
726,1188,ВСК,2023-10-31 12:40:25,2024-10-30 12:40:25,14063
727,1188,АльфаСтрахование,2024-10-30 12:40:25,2025-10-30 12:40:25,10055
728,819,Росгосстрах,2025-01-01 04:30:35,2026-01-01 04:30:35,5535
729,18,Т-Страхование,2022-11-11 21:41:25,2023-11-11 21:41:25,21518
730,18,Росгосстрах,2023-11-11 21:41:25,2024-11-10 21:41:25,16589
731,18,Т-Страхование,2024-11-10 21:41:25,2025-11-10 21:41:25,13867
732,901,Ингосстрах,2025-05-01 18:24:21,2026-05-01 18:24:21,21137
733,731,РЕСО-Гарантия,2023-12-29 19:40:46,2024-12-28 19:40:46,5560
734,731,АльфаСтрахование,2024-12-28 19:40:46,2025-12-28 19:40:46,16952
735,1051,ВСК,2024-12-14 02:23:18,2025-12-14 02:23:18,19211
736,354,РЕСО-Гарантия,2023-11-30 12:10:15,2024-11-29 12:10:15,16979
737,354,Росгосстрах,2024-11-29 12:10:15,2025-11-29 12:10:15,17613
738,998,Росгосстрах,2024-12-30 05:26:19,2025-12-30 05:26:19,6668
739,853,АльфаСтрахование,2024-04-21 03:15:20,2025-04-21 03:15:20,16024
740,853,ВСК,2025-04-21 03:15:20,2026-04-21 03:15:20,15714
741,873,Ингосстрах,2024-11-15 21:15:50,2025-11-15 21:15:50,20304
742,987,Росгосстрах,2025-04-16 13:19:16,2026-04-16 13:19:16,6472
743,997,АльфаСтрахование,2024-07-14 04:27:30,2025-07-14 04:27:30,5034
744,501,Т-Страхование,2025-01-08 06:17:45,2026-01-08 06:17:45,6669
745,1177,Ингосстрах,2023-08-10 00:07:04,2024-08-09 00:07:04,19164
746,1177,Т-Страхование,2024-08-09 00:07:04,2025-08-09 00:07:04,15905
747,720,ВСК,2025-05-26 22:54:21,2026-05-26 22:54:21,13711
748,270,ВСК,2024-04-15 12:19:56,2025-04-15 12:19:56,11094
749,270,РЕСО-Гарантия,2025-04-15 12:19:56,2026-04-15 12:19:56,20651
750,227,РЕСО-Гарантия,2024-06-22 18:57:56,2025-06-22 18:57:56,19217
751,959,Ингосстрах,2025-03-02 13:50:33,2026-03-02 13:50:33,17607
752,6,ВСК,2025-02-15 06:14:54,2026-02-15 06:14:54,18532
753,665,ВСК,2025-05-10 14:48:28,2026-05-10 14:48:28,10559
754,989,РЕСО-Гарантия,2023-07-22 23:06:52,2024-07-21 23:06:52,24065
755,989,ВСК,2024-07-21 23:06:52,2025-07-21 23:06:52,20614
756,1024,РЕСО-Гарантия,2024-04-13 02:53:21,2025-04-13 02:53:21,17877
757,1024,ВСК,2025-04-13 02:53:21,2026-04-13 02:53:21,13179
758,1075,АльфаСтрахование,2025-02-23 23:11:23,2026-02-23 23:11:23,16505
759,418,АльфаСтрахование,2024-07-23 22:51:26,2025-07-23 22:51:26,16468
760,726,Т-Страхование,2024-12-27 03:02:16,2025-12-27 03:02:16,19506
761,306,ВСК,2025-02-26 16:21:13,2026-02-26 16:21:13,12500
762,717,АльфаСтрахование,2022-10-11 13:33:00,2023-10-11 13:33:00,21507
763,717,Т-Страхование,2023-10-11 13:33:00,2024-10-10 13:33:00,16769
764,717,Ингосстрах,2024-10-10 13:33:00,2025-10-10 13:33:00,6938
765,538,Ингосстрах,2024-09-19 09:42:50,2025-09-19 09:42:50,16619
766,167,АльфаСтрахование,2024-06-16 17:12:41,2025-06-16 17:12:41,24042
767,1176,Ингосстрах,2024-09-11 07:45:10,2025-09-11 07:45:10,15196
768,140,Т-Страхование,2023-06-05 09:29:37,2024-06-04 09:29:37,23372
769,140,ВСК,2024-06-04 09:29:37,2025-06-04 09:29:37,5594
770,1099,Ингосстрах,2024-07-24 03:56:49,2025-07-24 03:56:49,14273
771,157,Росгосстрах,2023-11-03 14:39:44,2024-11-02 14:39:44,6553
772,157,РЕСО-Гарантия,2024-11-02 14:39:44,2025-11-02 14:39:44,13818
773,960,АльфаСтрахование,2025-03-17 13:52:10,2026-03-17 13:52:10,6342
774,135,Росгосстрах,2024-07-05 01:22:37,2025-07-05 01:22:37,6332
775,516,РЕСО-Гарантия,2024-11-12 15:21:59,2025-11-12 15:21:59,21357
776,517,Ингосстрах,2023-05-01 06:24:33,2024-04-30 06:24:33,23183
777,517,РЕСО-Гарантия,2024-04-30 06:24:33,2025-04-30 06:24:33,15433
778,517,АльфаСтрахование,2025-04-30 06:24:33,2026-04-30 06:24:33,21090
779,1155,ВСК,2023-10-29 11:44:55,2024-10-28 11:44:55,5387
780,1155,ВСК,2024-10-28 11:44:55,2025-10-28 11:44:55,16688
781,160,РЕСО-Гарантия,2025-03-31 07:26:21,2026-03-31 07:26:21,14816
782,905,ВСК,2024-12-18 02:24:47,2025-12-18 02:24:47,12893
783,664,Т-Страхование,2025-02-09 04:38:04,2026-02-09 04:38:04,8821
784,1003,Т-Страхование,2023-09-07 06:09:36,2024-09-06 06:09:36,24287
785,1003,Росгосстрах,2024-09-06 06:09:36,2025-09-06 06:09:36,15142
786,990,АльфаСтрахование,2024-10-01 08:36:10,2025-10-01 08:36:10,23859
787,82,АльфаСтрахование,2025-02-20 14:52:22,2026-02-20 14:52:22,6213
788,48,АльфаСтрахование,2024-06-22 18:55:54,2025-06-22 18:55:54,17126
789,814,Росгосстрах,2024-07-08 03:29:55,2025-07-08 03:29:55,6141
790,101,Росгосстрах,2024-10-01 04:36:49,2025-10-01 04:36:49,6257
791,215,Ингосстрах,2024-04-04 08:39:12,2025-04-04 08:39:12,14247
792,215,Т-Страхование,2025-04-04 08:39:12,2026-04-04 08:39:12,12285
793,63,ВСК,2023-11-14 15:41:12,2024-11-13 15:41:12,12479
794,63,Росгосстрах,2024-11-13 15:41:12,2025-11-13 15:41:12,15019
795,629,Росгосстрах,2024-03-16 15:20:52,2025-03-16 15:20:52,15316
796,629,ВСК,2025-03-16 15:20:52,2026-03-16 15:20:52,21790
797,314,Росгосстрах,2024-02-08 08:36:51,2025-02-07 08:36:51,6111
798,314,Т-Страхование,2025-02-07 08:36:51,2026-02-07 08:36:51,14666
799,96,Росгосстрах,2024-07-19 16:31:37,2025-07-19 16:31:37,11502
800,350,АльфаСтрахование,2024-08-02 15:43:52,2025-08-02 15:43:52,13408
801,334,РЕСО-Гарантия,2024-10-10 04:44:07,2025-10-10 04:44:07,13469
802,981,РЕСО-Гарантия,2024-04-04 14:29:40,2025-04-04 14:29:40,22258
803,981,Ингосстрах,2025-04-04 14:29:40,2026-04-04 14:29:40,11227
804,301,Ингосстрах,2024-12-26 04:29:32,2025-12-26 04:29:32,22272
805,110,ВСК,2024-09-08 21:54:49,2025-09-08 21:54:49,19424
806,974,РЕСО-Гарантия,2024-12-17 12:18:58,2025-12-17 12:18:58,18928
807,1200,АльфаСтрахование,2024-07-13 20:57:09,2025-07-13 20:57:09,13779
808,279,Ингосстрах,2024-01-27 21:01:39,2025-01-26 21:01:39,21058
809,279,ВСК,2025-01-26 21:01:39,2026-01-26 21:01:39,17210
810,1065,АльфаСтрахование,2024-03-19 17:08:52,2025-03-19 17:08:52,9093
811,1065,Т-Страхование,2025-03-19 17:08:52,2026-03-19 17:08:52,12665
812,356,Т-Страхование,2024-06-06 03:25:10,2025-06-06 03:25:10,12579
813,682,АльфаСтрахование,2023-11-05 04:59:50,2024-11-04 04:59:50,10788
814,682,Ингосстрах,2024-11-04 04:59:50,2025-11-04 04:59:50,22596
815,531,Т-Страхование,2024-06-04 07:22:09,2025-06-04 07:22:09,15786
816,325,Т-Страхование,2024-09-19 23:43:55,2025-09-19 23:43:55,11811
817,463,Т-Страхование,2022-10-06 18:50:02,2023-10-06 18:50:02,7954
818,463,Росгосстрах,2023-10-06 18:50:02,2024-10-05 18:50:02,14194
819,463,Т-Страхование,2024-10-05 18:50:02,2025-10-05 18:50:02,7071
820,1100,Росгосстрах,2024-04-16 18:35:56,2025-04-16 18:35:56,5360
821,1100,РЕСО-Гарантия,2025-04-16 18:35:56,2026-04-16 18:35:56,11993
822,834,ВСК,2025-02-04 15:35:27,2026-02-04 15:35:27,10170
823,24,ВСК,2025-03-16 20:46:15,2026-03-16 20:46:15,7735
824,806,ВСК,2025-01-22 01:01:14,2026-01-22 01:01:14,7056
825,1119,ВСК,2024-12-27 05:54:17,2025-12-27 05:54:17,12879
826,52,РЕСО-Гарантия,2024-08-10 08:55:03,2025-08-10 08:55:03,11551
827,701,Т-Страхование,2025-02-28 13:41:17,2026-02-28 13:41:17,16353
828,1150,ВСК,2024-11-16 15:26:11,2025-11-16 15:26:11,17706
829,111,Росгосстрах,2023-12-30 06:49:28,2024-12-29 06:49:28,10555
830,111,Т-Страхование,2024-12-29 06:49:28,2025-12-29 06:49:28,17680
831,711,РЕСО-Гарантия,2023-06-25 04:45:25,2024-06-24 04:45:25,22754
832,711,Росгосстрах,2024-06-24 04:45:25,2025-06-24 04:45:25,17932
833,1169,РЕСО-Гарантия,2024-09-17 04:28:31,2025-09-17 04:28:31,21778
834,1062,Росгосстрах,2025-05-14 20:25:09,2026-05-14 20:25:09,14038
835,751,АльфаСтрахование,2023-11-30 22:52:59,2024-11-29 22:52:59,18659
836,751,Ингосстрах,2024-11-29 22:52:59,2025-11-29 22:52:59,15211
837,779,Росгосстрах,2024-06-13 00:35:58,2025-06-13 00:35:58,19904
838,1030,Росгосстрах,2024-10-09 19:52:16,2025-10-09 19:52:16,14099
839,1073,Росгосстрах,2024-02-12 17:36:19,2025-02-11 17:36:19,5283
840,1073,Росгосстрах,2025-02-11 17:36:19,2026-02-11 17:36:19,14226
841,611,ВСК,2024-03-14 06:16:58,2025-03-14 06:16:58,20825
842,611,АльфаСтрахование,2025-03-14 06:16:58,2026-03-14 06:16:58,23021
843,1136,ВСК,2024-11-14 22:46:21,2025-11-14 22:46:21,7048
844,857,РЕСО-Гарантия,2024-09-24 03:25:50,2025-09-24 03:25:50,20049
845,521,РЕСО-Гарантия,2025-01-23 02:26:44,2026-01-23 02:26:44,6977
846,399,Т-Страхование,2025-03-27 12:08:29,2026-03-27 12:08:29,16632
847,737,Ингосстрах,2024-11-25 06:01:44,2025-11-25 06:01:44,16517
848,84,Ингосстрах,2024-02-17 23:05:51,2025-02-16 23:05:51,24523
849,84,Т-Страхование,2025-02-16 23:05:51,2026-02-16 23:05:51,5119
850,31,Т-Страхование,2023-07-07 06:41:48,2024-07-06 06:41:48,24505
851,31,Росгосстрах,2024-07-06 06:41:48,2025-07-06 06:41:48,23149
852,971,РЕСО-Гарантия,2025-04-22 18:05:37,2026-04-22 18:05:37,7799
853,860,РЕСО-Гарантия,2022-12-04 14:05:03,2023-12-04 14:05:03,19025
854,860,Т-Страхование,2023-12-04 14:05:03,2024-12-03 14:05:03,23504
855,860,Ингосстрах,2024-12-03 14:05:03,2025-12-03 14:05:03,11180
856,1157,АльфаСтрахование,2024-07-25 17:46:35,2025-07-25 17:46:35,24292
857,1158,ВСК,2025-01-11 02:04:06,2026-01-11 02:04:06,21693
858,582,АльфаСтрахование,2024-07-17 07:14:32,2025-07-17 07:14:32,12946
859,772,Т-Страхование,2024-08-04 07:43:03,2025-08-04 07:43:03,18095
860,704,ВСК,2022-11-02 03:33:43,2023-11-02 03:33:43,22516
861,704,РЕСО-Гарантия,2023-11-02 03:33:43,2024-11-01 03:33:43,16594
862,704,РЕСО-Гарантия,2024-11-01 03:33:43,2025-11-01 03:33:43,12983
863,208,РЕСО-Гарантия,2024-01-04 18:17:45,2025-01-03 18:17:45,19977
864,208,Т-Страхование,2025-01-03 18:17:45,2026-01-03 18:17:45,18597
865,617,АльфаСтрахование,2024-12-15 12:28:24,2025-12-15 12:28:24,23665
866,874,Ингосстрах,2024-07-06 04:24:21,2025-07-06 04:24:21,24950
867,635,ВСК,2024-09-28 23:57:44,2025-09-28 23:57:44,23867
868,273,РЕСО-Гарантия,2025-04-15 01:13:33,2026-04-15 01:13:33,23873
869,932,РЕСО-Гарантия,2024-09-01 21:28:04,2025-09-01 21:28:04,23176
870,289,ВСК,2024-08-24 17:38:36,2025-08-24 17:38:36,10004
871,776,Росгосстрах,2024-09-12 07:11:05,2025-09-12 07:11:05,14115
872,1139,Ингосстрах,2024-10-16 18:06:51,2025-10-16 18:06:51,24540
873,691,Росгосстрах,2024-08-25 16:59:30,2025-08-25 16:59:30,5511
874,539,Ингосстрах,2024-08-12 17:44:34,2025-08-12 17:44:34,21724
875,483,ВСК,2024-12-27 15:18:24,2025-12-27 15:18:24,6264
876,1198,Росгосстрах,2024-09-22 20:07:19,2025-09-22 20:07:19,17078
877,1097,АльфаСтрахование,2025-04-12 22:34:01,2026-04-12 22:34:01,15163
878,471,РЕСО-Гарантия,2024-08-19 03:06:34,2025-08-19 03:06:34,9971
879,451,Росгосстрах,2023-06-08 02:02:40,2024-06-07 02:02:40,12694
880,451,РЕСО-Гарантия,2024-06-07 02:02:40,2025-06-07 02:02:40,13855
881,342,ВСК,2025-01-22 16:02:26,2026-01-22 16:02:26,21045
882,21,АльфаСтрахование,2025-02-01 12:42:34,2026-02-01 12:42:34,9459
883,627,Ингосстрах,2024-07-22 22:03:14,2025-07-22 22:03:14,10314
884,408,Ингосстрах,2024-11-08 08:11:26,2025-11-08 08:11:26,22494
885,456,ВСК,2025-01-18 17:55:19,2026-01-18 17:55:19,10605
886,413,ВСК,2024-11-22 09:40:45,2025-11-22 09:40:45,23795
887,836,Росгосстрах,2024-12-12 08:32:12,2025-12-12 08:32:12,15346
888,702,ВСК,2024-12-14 05:17:29,2025-12-14 05:17:29,10497
889,845,ВСК,2025-02-07 07:59:56,2026-02-07 07:59:56,13937
890,613,Ингосстрах,2024-08-14 19:03:53,2025-08-14 19:03:53,23060
891,46,Ингосстрах,2023-08-20 06:27:05,2024-08-19 06:27:05,6457
892,46,Ингосстрах,2024-08-19 06:27:05,2025-08-19 06:27:05,13147
893,1108,АльфаСтрахование,2024-07-14 23:34:28,2025-07-14 23:34:28,18708
894,1026,РЕСО-Гарантия,2023-06-19 12:44:04,2024-06-18 12:44:04,10038
895,1026,Ингосстрах,2024-06-18 12:44:04,2025-06-18 12:44:04,22394
896,576,РЕСО-Гарантия,2024-03-02 13:02:38,2025-03-02 13:02:38,9162
897,576,ВСК,2025-03-02 13:02:38,2026-03-02 13:02:38,7589
898,367,Росгосстрах,2024-08-06 16:05:14,2025-08-06 16:05:14,17158
899,73,Росгосстрах,2024-05-18 05:15:49,2025-05-18 05:15:49,6799
900,73,Т-Страхование,2025-05-18 05:15:49,2026-05-18 05:15:49,11900
901,122,ВСК,2025-03-24 18:06:27,2026-03-24 18:06:27,9622
902,574,Т-Страхование,2023-06-19 08:38:57,2024-06-18 08:38:57,20096
903,574,РЕСО-Гарантия,2024-06-18 08:38:57,2025-06-18 08:38:57,17939
904,633,Ингосстрах,2024-12-11 16:41:54,2025-12-11 16:41:54,8930
905,1094,Т-Страхование,2024-10-09 13:44:57,2025-10-09 13:44:57,11148
906,386,Ингосстрах,2025-02-21 05:38:54,2026-02-21 05:38:54,20585
907,68,АльфаСтрахование,2024-07-28 12:35:37,2025-07-28 12:35:37,15733
908,815,РЕСО-Гарантия,2024-06-16 00:18:23,2025-06-16 00:18:23,24984
909,924,ВСК,2025-02-03 18:54:28,2026-02-03 18:54:28,18302
910,583,ВСК,2024-10-18 06:21:23,2025-10-18 06:21:23,19680
911,754,Ингосстрах,2022-11-02 02:29:08,2023-11-02 02:29:08,6001
912,754,Росгосстрах,2023-11-02 02:29:08,2024-11-01 02:29:08,19139
913,754,Росгосстрах,2024-11-01 02:29:08,2025-11-01 02:29:08,17193
914,895,Росгосстрах,2024-09-07 16:47:23,2025-09-07 16:47:23,20324
915,738,Ингосстрах,2024-10-08 11:26:02,2025-10-08 11:26:02,20332
916,253,ВСК,2025-01-23 19:06:15,2026-01-23 19:06:15,5478
917,319,Т-Страхование,2024-12-19 13:06:00,2025-12-19 13:06:00,13601
918,768,Ингосстрах,2024-06-02 23:44:31,2025-06-02 23:44:31,24933
919,606,Ингосстрах,2021-08-11 22:14:55,2022-08-11 22:14:55,12382
920,606,АльфаСтрахование,2022-08-11 22:14:55,2023-08-11 22:14:55,7069
921,606,Т-Страхование,2023-08-11 22:14:55,2024-08-10 22:14:55,14415
922,606,АльфаСтрахование,2024-08-10 22:14:55,2025-08-10 22:14:55,12487
923,1,АльфаСтрахование,2024-09-07 11:37:31,2025-09-07 11:37:31,12324
924,579,ВСК,2024-09-06 09:50:12,2025-09-06 09:50:12,9927
925,438,РЕСО-Гарантия,2023-06-20 01:52:56,2024-06-19 01:52:56,5163
926,438,РЕСО-Гарантия,2024-06-19 01:52:56,2025-06-19 01:52:56,18659
927,118,Т-Страхование,2023-10-10 06:35:35,2024-10-09 06:35:35,6916
928,118,АльфаСтрахование,2024-10-09 06:35:35,2025-10-09 06:35:35,22129
929,120,Ингосстрах,2023-12-25 13:20:15,2024-12-24 13:20:15,18785
930,120,Ингосстрах,2024-12-24 13:20:15,2025-12-24 13:20:15,12744
931,1168,Росгосстрах,2025-04-08 20:48:40,2026-04-08 20:48:40,23638
932,557,РЕСО-Гарантия,2024-10-16 07:06:38,2025-10-16 07:06:38,11956
933,1184,ВСК,2023-11-16 17:17:13,2024-11-15 17:17:13,19437
934,1184,ВСК,2024-11-15 17:17:13,2025-11-15 17:17:13,17144
935,437,АльфаСтрахование,2024-10-15 15:16:13,2025-10-15 15:16:13,11349
936,756,Ингосстрах,2025-03-11 08:20:44,2026-03-11 08:20:44,18350
937,518,ВСК,2025-01-24 11:22:19,2026-01-24 11:22:19,5586
938,274,Т-Страхование,2025-04-11 10:25:21,2026-04-11 10:25:21,9446
939,912,АльфаСтрахование,2023-10-19 13:23:00,2024-10-18 13:23:00,16964
940,912,ВСК,2024-10-18 13:23:00,2025-10-18 13:23:00,7639
941,134,Росгосстрах,2024-06-29 20:56:04,2025-06-29 20:56:04,15383
942,379,Росгосстрах,2025-01-11 23:27:25,2026-01-11 23:27:25,11430
943,207,Т-Страхование,2025-04-11 20:41:28,2026-04-11 20:41:28,13173
944,1187,АльфаСтрахование,2023-11-29 19:22:30,2024-11-28 19:22:30,16130
945,1187,АльфаСтрахование,2024-11-28 19:22:30,2025-11-28 19:22:30,21166
946,681,ВСК,2025-03-16 06:21:18,2026-03-16 06:21:18,9015
947,967,ВСК,2024-09-07 00:50:53,2025-09-07 00:50:53,22770
948,59,Ингосстрах,2025-02-25 14:58:36,2026-02-25 14:58:36,16246
949,736,РЕСО-Гарантия,2023-09-02 14:29:22,2024-09-01 14:29:22,9895
950,736,АльфаСтрахование,2024-09-01 14:29:22,2025-09-01 14:29:22,14361
951,1034,Росгосстрах,2025-03-27 16:05:59,2026-03-27 16:05:59,10114
952,555,АльфаСтрахование,2025-01-20 10:27:20,2026-01-20 10:27:20,13256
953,459,ВСК,2025-03-25 10:47:02,2026-03-25 10:47:02,23028
954,661,Ингосстрах,2024-10-11 10:48:24,2025-10-11 10:48:24,13281
955,484,ВСК,2023-06-13 10:50:11,2024-06-12 10:50:11,17879
956,484,ВСК,2024-06-12 10:50:11,2025-06-12 10:50:11,8716
957,138,Ингосстрах,2024-09-04 17:11:36,2025-09-04 17:11:36,21105
958,365,ВСК,2024-05-05 00:18:01,2025-05-05 00:18:01,5538
959,365,РЕСО-Гарантия,2025-05-05 00:18:01,2026-05-05 00:18:01,15315
960,70,АльфаСтрахование,2023-09-23 04:07:48,2024-09-22 04:07:48,24255
961,70,ВСК,2024-09-22 04:07:48,2025-09-22 04:07:48,19892
962,1121,Росгосстрах,2024-03-18 03:28:55,2025-03-18 03:28:55,18465
963,1121,Ингосстрах,2025-03-18 03:28:55,2026-03-18 03:28:55,5513
964,349,ВСК,2024-02-29 19:30:06,2025-02-28 19:30:06,9488
965,349,Росгосстрах,2025-02-28 19:30:06,2026-02-28 19:30:06,15602
966,44,Росгосстрах,2025-02-13 19:32:21,2026-02-13 19:32:21,11653
967,124,Росгосстрах,2024-02-02 03:16:00,2025-02-01 03:16:00,16989
968,124,Росгосстрах,2025-02-01 03:16:00,2026-02-01 03:16:00,24855
969,584,АльфаСтрахование,2025-02-12 03:05:47,2026-02-12 03:05:47,9936
970,494,Т-Страхование,2024-09-24 00:24:52,2025-09-24 00:24:52,14704
971,979,Т-Страхование,2025-05-01 20:30:15,2026-05-01 20:30:15,23142
972,869,ВСК,2025-05-03 05:52:06,2026-05-03 05:52:06,15052
973,936,АльфаСтрахование,2025-02-27 19:59:58,2026-02-27 19:59:58,11034
974,65,Ингосстрах,2025-02-25 22:58:20,2026-02-25 22:58:20,18104
975,206,РЕСО-Гарантия,2024-01-04 17:23:36,2025-01-03 17:23:36,20961
976,206,Т-Страхование,2025-01-03 17:23:36,2026-01-03 17:23:36,18213
977,578,ВСК,2024-03-10 05:47:19,2025-03-10 05:47:19,18975
978,578,РЕСО-Гарантия,2025-03-10 05:47:19,2026-03-10 05:47:19,5633
979,808,ВСК,2024-05-09 17:44:34,2025-05-09 17:44:34,15914
980,808,ВСК,2025-05-09 17:44:34,2026-05-09 17:44:34,23416
981,605,АльфаСтрахование,2023-04-04 06:46:53,2024-04-03 06:46:53,16346
982,605,Росгосстрах,2024-04-03 06:46:53,2025-04-03 06:46:53,9959
983,605,Т-Страхование,2025-04-03 06:46:53,2026-04-03 06:46:53,18981
984,881,Т-Страхование,2024-07-23 14:47:13,2025-07-23 14:47:13,22247
985,585,Т-Страхование,2025-03-19 09:20:20,2026-03-19 09:20:20,20089
986,610,Росгосстрах,2025-02-20 17:33:20,2026-02-20 17:33:20,20860
987,520,РЕСО-Гарантия,2024-06-05 23:53:50,2025-06-05 23:53:50,9882
988,174,Росгосстрах,2024-01-16 05:50:14,2025-01-15 05:50:14,8939
989,174,Ингосстрах,2025-01-15 05:50:14,2026-01-15 05:50:14,16533
990,130,ВСК,2023-10-22 10:39:18,2024-10-21 10:39:18,16836
991,130,ВСК,2024-10-21 10:39:18,2025-10-21 10:39:18,7665
992,1120,Т-Страхование,2024-09-15 22:49:02,2025-09-15 22:49:02,5648
993,1143,РЕСО-Гарантия,2024-10-01 13:05:40,2025-10-01 13:05:40,8949
994,508,Ингосстрах,2022-10-19 13:48:12,2023-10-19 13:48:12,22207
995,508,Ингосстрах,2023-10-19 13:48:12,2024-10-18 13:48:12,18032
996,508,Росгосстрах,2024-10-18 13:48:12,2025-10-18 13:48:12,7595
997,231,Ингосстрах,2024-09-12 04:55:46,2025-09-12 04:55:46,18792
998,255,Т-Страхование,2024-01-19 23:38:06,2025-01-18 23:38:06,14538
999,255,Ингосстрах,2025-01-18 23:38:06,2026-01-18 23:38:06,7617
1000,532,Ингосстрах,2024-07-02 22:28:09,2025-07-02 22:28:09,7114
1001,1057,ВСК,2021-08-09 09:18:13,2022-08-09 09:18:13,21185
1002,1057,Т-Страхование,2022-08-09 09:18:13,2023-08-09 09:18:13,18735
1003,1057,Росгосстрах,2023-08-09 09:18:13,2024-08-08 09:18:13,8120
1004,1057,АльфаСтрахование,2024-08-08 09:18:13,2025-08-08 09:18:13,24436
1005,1130,АльфаСтрахование,2025-03-19 04:34:51,2026-03-19 04:34:51,11809
1006,137,Росгосстрах,2024-12-20 14:20:27,2025-12-20 14:20:27,10165
1007,224,РЕСО-Гарантия,2024-08-20 01:14:15,2025-08-20 01:14:15,20573
1008,504,АльфаСтрахование,2024-06-27 07:15:56,2025-06-27 07:15:56,20921
1009,757,РЕСО-Гарантия,2022-04-19 15:38:34,2023-04-19 15:38:34,24852
1010,757,АльфаСтрахование,2023-04-19 15:38:34,2024-04-18 15:38:34,17113
1011,757,Ингосстрах,2024-04-18 15:38:34,2025-04-18 15:38:34,7858
1012,757,ВСК,2025-04-18 15:38:34,2026-04-18 15:38:34,5091
1013,112,Ингосстрах,2024-07-07 05:19:37,2025-07-07 05:19:37,8590
1014,929,ВСК,2024-04-08 01:23:23,2025-04-08 01:23:23,23742
1015,929,Ингосстрах,2025-04-08 01:23:23,2026-04-08 01:23:23,8145
1016,119,Ингосстрах,2024-11-22 00:33:19,2025-11-22 00:33:19,5138
1017,917,Ингосстрах,2025-05-10 08:52:15,2026-05-10 08:52:15,23899
1018,632,АльфаСтрахование,2024-02-25 14:17:46,2025-02-24 14:17:46,11585
1019,632,ВСК,2025-02-24 14:17:46,2026-02-24 14:17:46,16940
1020,187,Ингосстрах,2025-01-06 16:39:54,2026-01-06 16:39:54,22563
1021,12,Росгосстрах,2024-04-26 09:26:26,2025-04-26 09:26:26,18568
1022,12,АльфаСтрахование,2025-04-26 09:26:26,2026-04-26 09:26:26,11277
1023,297,Т-Страхование,2022-09-18 08:43:14,2023-09-18 08:43:14,22238
1024,297,ВСК,2023-09-18 08:43:14,2024-09-17 08:43:14,16394
1025,297,РЕСО-Гарантия,2024-09-17 08:43:14,2025-09-17 08:43:14,13616
1026,670,АльфаСтрахование,2023-05-26 12:58:00,2024-05-25 12:58:00,24073
1027,670,АльфаСтрахование,2024-05-25 12:58:00,2025-05-25 12:58:00,17748
1028,670,РЕСО-Гарантия,2025-05-25 12:58:00,2026-05-25 12:58:00,11711
1029,700,Росгосстрах,2025-05-11 05:45:01,2026-05-11 05:45:01,7843
1030,920,Росгосстрах,2025-01-11 21:02:04,2026-01-11 21:02:04,16707
1031,788,РЕСО-Гарантия,2024-09-21 08:22:33,2025-09-21 08:22:33,8139
1032,898,Росгосстрах,2025-05-16 03:49:28,2026-05-16 03:49:28,20247
1033,56,Т-Страхование,2024-09-12 00:20:29,2025-09-12 00:20:29,21406
1034,766,АльфаСтрахование,2025-05-18 07:53:03,2026-05-18 07:53:03,9651
1035,1113,ВСК,2024-07-20 05:19:33,2025-07-20 05:19:33,17519
1036,1050,РЕСО-Гарантия,2023-08-10 07:41:59,2024-08-09 07:41:59,13330
1037,1050,Ингосстрах,2024-08-09 07:41:59,2025-08-09 07:41:59,18462
1038,1126,ВСК,2025-04-21 07:03:45,2026-04-21 07:03:45,8369
1039,523,Росгосстрах,2023-12-16 10:44:18,2024-12-15 10:44:18,21822
1040,523,ВСК,2024-12-15 10:44:18,2025-12-15 10:44:18,21934
1041,448,РЕСО-Гарантия,2024-08-30 02:02:09,2025-08-30 02:02:09,11880
1042,217,РЕСО-Гарантия,2023-07-24 14:01:48,2024-07-23 14:01:48,5025
1043,217,Ингосстрах,2024-07-23 14:01:48,2025-07-23 14:01:48,24564
1044,345,Т-Страхование,2025-01-27 13:18:44,2026-01-27 13:18:44,23418
1045,854,Росгосстрах,2025-02-01 01:18:26,2026-02-01 01:18:26,18010
1046,261,Ингосстрах,2025-01-07 20:27:38,2026-01-07 20:27:38,17674
1047,652,РЕСО-Гарантия,2023-10-08 02:00:53,2024-10-07 02:00:53,10571
1048,652,Росгосстрах,2024-10-07 02:00:53,2025-10-07 02:00:53,7441
1049,850,ВСК,2024-02-14 01:49:50,2025-02-13 01:49:50,9796
1050,850,ВСК,2025-02-13 01:49:50,2026-02-13 01:49:50,24673
1051,425,Т-Страхование,2023-12-11 12:08:42,2024-12-10 12:08:42,15453
1052,425,Ингосстрах,2024-12-10 12:08:42,2025-12-10 12:08:42,20564
1053,148,РЕСО-Гарантия,2025-05-10 21:50:56,2026-05-10 21:50:56,13390
1054,307,РЕСО-Гарантия,2022-11-24 23:57:49,2023-11-24 23:57:49,13552
1055,307,ВСК,2023-11-24 23:57:49,2024-11-23 23:57:49,14542
1056,307,ВСК,2024-11-23 23:57:49,2025-11-23 23:57:49,17764
1057,1144,АльфаСтрахование,2025-05-04 07:34:41,2026-05-04 07:34:41,12798
1058,170,Росгосстрах,2024-09-22 02:54:09,2025-09-22 02:54:09,9091
1059,358,Ингосстрах,2023-07-30 06:26:16,2024-07-29 06:26:16,15619
1060,358,Росгосстрах,2024-07-29 06:26:16,2025-07-29 06:26:16,8226
1061,251,Росгосстрах,2023-11-17 04:22:59,2024-11-16 04:22:59,20315
1062,251,Т-Страхование,2024-11-16 04:22:59,2025-11-16 04:22:59,13658
1063,487,РЕСО-Гарантия,2025-05-17 10:51:49,2026-05-17 10:51:49,12577
1064,569,Ингосстрах,2024-05-14 14:57:47,2025-05-14 14:57:47,21174
1065,569,Ингосстрах,2025-05-14 14:57:47,2026-05-14 14:57:47,24161
1066,859,Т-Страхование,2025-05-10 21:32:20,2026-05-10 21:32:20,7241
1067,441,Т-Страхование,2025-01-18 02:05:55,2026-01-18 02:05:55,9313
1068,1019,РЕСО-Гарантия,2024-04-15 15:53:28,2025-04-15 15:53:28,14402
1069,1019,РЕСО-Гарантия,2025-04-15 15:53:28,2026-04-15 15:53:28,22790
1070,694,ВСК,2024-05-19 19:39:44,2025-05-19 19:39:44,15986
1071,694,РЕСО-Гарантия,2025-05-19 19:39:44,2026-05-19 19:39:44,24444
1072,263,Ингосстрах,2024-11-05 13:25:52,2025-11-05 13:25:52,8482
1073,591,Ингосстрах,2025-03-14 03:23:55,2026-03-14 03:23:55,9516
1074,302,Росгосстрах,2024-08-23 11:12:18,2025-08-23 11:12:18,12783
1075,116,РЕСО-Гарантия,2024-05-31 13:34:41,2025-05-31 13:34:41,9187
1076,1058,АльфаСтрахование,2025-04-26 03:30:37,2026-04-26 03:30:37,9303
1077,1021,Ингосстрах,2024-09-15 06:16:36,2025-09-15 06:16:36,20755
1078,1082,ВСК,2025-01-24 02:14:46,2026-01-24 02:14:46,23297
1079,10,Т-Страхование,2025-04-28 10:02:10,2026-04-28 10:02:10,9978
1080,810,Росгосстрах,2024-10-01 18:38:55,2025-10-01 18:38:55,7033
1081,123,Ингосстрах,2025-04-15 01:08:42,2026-04-15 01:08:42,11738
1082,961,ВСК,2024-02-06 02:37:39,2025-02-05 02:37:39,21163
1083,961,Ингосстрах,2025-02-05 02:37:39,2026-02-05 02:37:39,24214
1084,264,ВСК,2024-10-09 15:56:30,2025-10-09 15:56:30,24042
1085,393,Росгосстрах,2024-06-08 05:28:39,2025-06-08 05:28:39,23162
1086,931,Т-Страхование,2024-01-06 09:16:35,2025-01-05 09:16:35,23029
1087,931,Росгосстрах,2025-01-05 09:16:35,2026-01-05 09:16:35,18402
1088,1115,ВСК,2025-04-02 09:53:26,2026-04-02 09:53:26,16035
1089,721,ВСК,2025-05-03 03:37:36,2026-05-03 03:37:36,24241
1090,1195,Росгосстрах,2024-09-25 08:01:04,2025-09-25 08:01:04,11672
1091,1086,Росгосстрах,2023-11-18 09:53:41,2024-11-17 09:53:41,19681
1092,1086,РЕСО-Гарантия,2024-11-17 09:53:41,2025-11-17 09:53:41,16580
1093,833,Росгосстрах,2024-12-22 14:24:31,2025-12-22 14:24:31,12278
1094,80,ВСК,2024-02-08 06:34:07,2025-02-07 06:34:07,12026
1095,80,Ингосстрах,2025-02-07 06:34:07,2026-02-07 06:34:07,18198
1096,1044,АльфаСтрахование,2024-02-16 16:59:55,2025-02-15 16:59:55,18778
1097,1044,РЕСО-Гарантия,2025-02-15 16:59:55,2026-02-15 16:59:55,6146
1098,86,АльфаСтрахование,2023-10-25 11:25:04,2024-10-24 11:25:04,8988
1099,86,ВСК,2024-10-24 11:25:04,2025-10-24 11:25:04,13043
1100,1016,Т-Страхование,2024-03-01 18:15:21,2025-03-01 18:15:21,14219
1101,1016,ВСК,2025-03-01 18:15:21,2026-03-01 18:15:21,6411
1102,889,Росгосстрах,2023-09-18 16:01:13,2024-09-17 16:01:13,17351
1103,889,РЕСО-Гарантия,2024-09-17 16:01:13,2025-09-17 16:01:13,17872
1104,98,ВСК,2024-06-25 06:43:06,2025-06-25 06:43:06,17499
1105,7,Т-Страхование,2025-05-07 13:51:55,2026-05-07 13:51:55,18274
1106,787,Т-Страхование,2024-11-14 20:31:47,2025-11-14 20:31:47,10406
1107,60,РЕСО-Гарантия,2022-08-15 07:42:01,2023-08-15 07:42:01,21052
1108,60,Ингосстрах,2023-08-15 07:42:01,2024-08-14 07:42:01,5811
1109,60,РЕСО-Гарантия,2024-08-14 07:42:01,2025-08-14 07:42:01,13313
1110,197,Ингосстрах,2024-12-28 09:01:15,2025-12-28 09:01:15,18739
1111,268,Росгосстрах,2024-12-30 23:28:44,2025-12-30 23:28:44,9220
1112,173,Т-Страхование,2025-04-18 06:24:18,2026-04-18 06:24:18,9676
1113,803,Ингосстрах,2024-08-03 15:10:26,2025-08-03 15:10:26,24820
1114,49,АльфаСтрахование,2024-12-12 19:21:18,2025-12-12 19:21:18,7159
1115,29,Т-Страхование,2025-02-14 12:44:10,2026-02-14 12:44:10,13854
1116,369,РЕСО-Гарантия,2023-05-22 06:48:55,2024-05-21 06:48:55,24302
1117,369,Росгосстрах,2024-05-21 06:48:55,2025-05-21 06:48:55,9065
1118,369,Ингосстрах,2025-05-21 06:48:55,2026-05-21 06:48:55,9737
1119,481,РЕСО-Гарантия,2024-06-23 20:38:54,2025-06-23 20:38:54,20851
1120,293,Ингосстрах,2024-06-04 09:41:31,2025-06-04 09:41:31,6994
1121,482,Росгосстрах,2025-03-06 06:01:06,2026-03-06 06:01:06,23011
1122,88,РЕСО-Гарантия,2024-10-07 20:33:17,2025-10-07 20:33:17,21492
1123,1186,Ингосстрах,2023-03-06 06:37:09,2024-03-05 06:37:09,20190
1124,1186,АльфаСтрахование,2024-03-05 06:37:09,2025-03-05 06:37:09,13598
1125,1186,РЕСО-Гарантия,2025-03-05 06:37:09,2026-03-05 06:37:09,12003
1126,283,ВСК,2025-04-20 02:05:04,2026-04-20 02:05:04,12366
1127,741,Т-Страхование,2025-01-04 02:50:32,2026-01-04 02:50:32,8525
1128,326,Ингосстрах,2024-03-20 17:31:23,2025-03-20 17:31:23,24441
1129,326,Росгосстрах,2025-03-20 17:31:23,2026-03-20 17:31:23,8625
1130,749,РЕСО-Гарантия,2024-07-31 15:41:16,2025-07-31 15:41:16,6738
1131,47,Росгосстрах,2024-10-12 06:00:42,2025-10-12 06:00:42,5883
1132,752,Т-Страхование,2022-07-09 10:44:21,2023-07-09 10:44:21,15387
1133,752,ВСК,2023-07-09 10:44:21,2024-07-08 10:44:21,7915
1134,752,Т-Страхование,2024-07-08 10:44:21,2025-07-08 10:44:21,21655
1135,132,РЕСО-Гарантия,2023-08-02 17:05:36,2024-08-01 17:05:36,12586
1136,132,Росгосстрах,2024-08-01 17:05:36,2025-08-01 17:05:36,19078
1137,828,Т-Страхование,2024-07-09 20:45:08,2025-07-09 20:45:08,9442
1138,621,Т-Страхование,2024-07-15 21:25:38,2025-07-15 21:25:38,20365
1139,421,Ингосстрах,2024-05-03 05:46:47,2025-05-03 05:46:47,8387
1140,421,Ингосстрах,2025-05-03 05:46:47,2026-05-03 05:46:47,5389
1141,233,АльфаСтрахование,2025-05-18 13:48:52,2026-05-18 13:48:52,16650
1142,37,Ингосстрах,2024-12-11 21:57:58,2025-12-11 21:57:58,10462
1143,249,Росгосстрах,2025-01-14 18:01:30,2026-01-14 18:01:30,13840
1144,214,АльфаСтрахование,2025-03-08 20:49:52,2026-03-08 20:49:52,7687
1145,385,Т-Страхование,2025-05-05 05:02:24,2026-05-05 05:02:24,5807
1146,497,Т-Страхование,2024-09-16 20:26:47,2025-09-16 20:26:47,13174
1147,1140,Росгосстрах,2024-10-25 05:20:57,2025-10-25 05:20:57,7407
1148,277,Ингосстрах,2024-07-31 01:02:14,2025-07-31 01:02:14,20497
1149,977,ВСК,2024-09-02 04:58:10,2025-09-02 04:58:10,23518
1150,570,ВСК,2023-07-10 20:28:27,2024-07-09 20:28:27,17958
1151,570,АльфаСтрахование,2024-07-09 20:28:27,2025-07-09 20:28:27,8981
1152,775,АльфаСтрахование,2024-07-01 15:18:22,2025-07-01 15:18:22,12323
1153,443,Ингосстрах,2023-11-15 12:52:14,2024-11-14 12:52:14,16082
1154,443,Т-Страхование,2024-11-14 12:52:14,2025-11-14 12:52:14,14621
1155,671,РЕСО-Гарантия,2025-05-11 23:32:44,2026-05-11 23:32:44,6254
1156,1006,Росгосстрах,2022-10-23 17:55:31,2023-10-23 17:55:31,7259
1157,1006,АльфаСтрахование,2023-10-23 17:55:31,2024-10-22 17:55:31,21457
1158,1006,ВСК,2024-10-22 17:55:31,2025-10-22 17:55:31,22134
1159,324,Росгосстрах,2024-10-20 13:57:39,2025-10-20 13:57:39,17773
1160,1141,Ингосстрах,2025-04-17 01:46:18,2026-04-17 01:46:18,20103
1161,904,Росгосстрах,2025-05-13 22:00:47,2026-05-13 22:00:47,13276
1162,1192,РЕСО-Гарантия,2023-04-21 05:56:12,2024-04-20 05:56:12,20336
1163,1192,ВСК,2024-04-20 05:56:12,2025-04-20 05:56:12,22858
1164,1192,Ингосстрах,2025-04-20 05:56:12,2026-04-20 05:56:12,9602
1165,452,Росгосстрах,2024-10-20 10:41:20,2025-10-20 10:41:20,24055
1166,1072,АльфаСтрахование,2023-10-29 11:57:13,2024-10-28 11:57:13,13605
1167,1072,ВСК,2024-10-28 11:57:13,2025-10-28 11:57:13,21087
1168,15,Т-Страхование,2024-08-24 17:05:32,2025-08-24 17:05:32,19032
1169,499,Ингосстрах,2024-05-10 23:29:20,2025-05-10 23:29:20,11021
1170,499,Ингосстрах,2025-05-10 23:29:20,2026-05-10 23:29:20,22674
1171,401,Росгосстрах,2025-01-29 10:46:32,2026-01-29 10:46:32,7496
1172,91,Росгосстрах,2020-11-11 16:16:44,2021-11-11 16:16:44,9894
1173,91,Росгосстрах,2021-11-11 16:16:44,2022-11-11 16:16:44,15673
1174,91,Т-Страхование,2022-11-11 16:16:44,2023-11-11 16:16:44,24971
1175,91,Ингосстрах,2023-11-11 16:16:44,2024-11-10 16:16:44,15441
1176,91,Т-Страхование,2024-11-10 16:16:44,2025-11-10 16:16:44,12509
1177,547,РЕСО-Гарантия,2024-05-01 23:48:43,2025-05-01 23:48:43,7007
1178,547,РЕСО-Гарантия,2025-05-01 23:48:43,2026-05-01 23:48:43,9251
1179,72,Росгосстрах,2024-08-24 15:30:13,2025-08-24 15:30:13,17968
1180,622,РЕСО-Гарантия,2024-05-30 09:06:36,2025-05-30 09:06:36,11820
1181,888,РЕСО-Гарантия,2023-06-18 17:51:18,2024-06-17 17:51:18,7589
1182,888,РЕСО-Гарантия,2024-06-17 17:51:18,2025-06-17 17:51:18,20915
1183,862,Т-Страхование,2025-05-28 06:18:16,2026-05-28 06:18:16,23316
1184,564,Ингосстрах,2025-02-18 06:32:26,2026-02-18 06:32:26,17220
1185,798,Росгосстрах,2023-09-22 16:28:25,2024-09-21 16:28:25,5010
1186,798,ВСК,2024-09-21 16:28:25,2025-09-21 16:28:25,21546
1187,522,ВСК,2025-04-13 20:05:31,2026-04-13 20:05:31,16284
1188,827,ВСК,2023-02-18 11:54:04,2024-02-18 11:54:04,12912
1189,827,РЕСО-Гарантия,2024-02-18 11:54:04,2025-02-17 11:54:04,8499
1190,827,Росгосстрах,2025-02-17 11:54:04,2026-02-17 11:54:04,10274
1191,236,ВСК,2024-04-10 12:25:08,2025-04-10 12:25:08,14879
1192,236,РЕСО-Гарантия,2025-04-10 12:25:08,2026-04-10 12:25:08,20236
1193,509,АльфаСтрахование,2023-08-14 01:17:58,2024-08-13 01:17:58,8948
1194,509,ВСК,2024-08-13 01:17:58,2025-08-13 01:17:58,17252
1195,234,Ингосстрах,2024-08-16 20:22:02,2025-08-16 20:22:02,15881
1196,67,РЕСО-Гарантия,2024-10-01 09:05:21,2025-10-01 09:05:21,19593
1197,1193,Т-Страхование,2025-01-10 19:47:40,2026-01-10 19:47:40,7936
1198,1055,Ингосстрах,2024-04-26 04:50:09,2025-04-26 04:50:09,24655
1199,1055,Т-Страхование,2025-04-26 04:50:09,2026-04-26 04:50:09,17353
1200,3,Т-Страхование,2024-05-03 17:58:06,2025-05-03 17:58:06,16764
1201,3,Ингосстрах,2025-05-03 17:58:06,2026-05-03 17:58:06,15078
1202,732,АльфаСтрахование,2023-06-15 16:54:34,2024-06-14 16:54:34,6939
1203,732,АльфаСтрахование,2024-06-14 16:54:34,2025-06-14 16:54:34,24349
1204,45,Росгосстрах,2024-06-29 19:40:48,2025-06-29 19:40:48,20395
1205,414,РЕСО-Гарантия,2024-10-12 12:14:09,2025-10-12 12:14:09,24311
1206,880,Т-Страхование,2024-10-31 03:52:42,2025-10-31 03:52:42,16822
1207,1114,РЕСО-Гарантия,2024-04-14 04:35:43,2025-04-14 04:35:43,16335
1208,1114,Ингосстрах,2025-04-14 04:35:43,2026-04-14 04:35:43,16160
1209,496,Росгосстрах,2022-09-22 09:53:49,2023-09-22 09:53:49,8299
1210,496,Ингосстрах,2023-09-22 09:53:49,2024-09-21 09:53:49,17756
1211,496,АльфаСтрахование,2024-09-21 09:53:49,2025-09-21 09:53:49,15995
1212,461,РЕСО-Гарантия,2024-06-04 03:12:59,2025-06-04 03:12:59,5485
1213,1118,Ингосстрах,2024-11-24 05:54:43,2025-11-24 05:54:43,6381
1214,304,Ингосстрах,2025-02-12 23:15:03,2026-02-12 23:15:03,17244
1215,755,Т-Страхование,2025-05-13 00:19:08,2026-05-13 00:19:08,19396
1216,714,РЕСО-Гарантия,2025-01-29 16:48:15,2026-01-29 16:48:15,24992
1217,337,Ингосстрах,2023-10-19 18:34:23,2024-10-18 18:34:23,14364
1218,337,ВСК,2024-10-18 18:34:23,2025-10-18 18:34:23,15992
1219,1084,РЕСО-Гарантия,2024-04-20 00:33:53,2025-04-20 00:33:53,15110
1220,1084,Ингосстрах,2025-04-20 00:33:53,2026-04-20 00:33:53,16701
1221,106,Т-Страхование,2025-03-20 02:19:46,2026-03-20 02:19:46,20162
1222,789,ВСК,2024-10-05 04:09:33,2025-10-05 04:09:33,10390
1223,713,Росгосстрах,2025-03-05 03:13:44,2026-03-05 03:13:44,5632
1224,813,Росгосстрах,2023-11-03 14:21:32,2024-11-02 14:21:32,19134
1225,813,ВСК,2024-11-02 14:21:32,2025-11-02 14:21:32,12377
1226,935,АльфаСтрахование,2025-01-05 09:10:49,2026-01-05 09:10:49,8473
1227,243,ВСК,2023-09-18 22:08:05,2024-09-17 22:08:05,7660
1228,243,Т-Страхование,2024-09-17 22:08:05,2025-09-17 22:08:05,11487
1229,941,ВСК,2025-04-25 01:07:56,2026-04-25 01:07:56,21796
1230,127,РЕСО-Гарантия,2024-07-04 20:08:51,2025-07-04 20:08:51,24019
1231,513,РЕСО-Гарантия,2024-09-09 23:26:14,2025-09-09 23:26:14,13386
1232,22,АльфаСтрахование,2025-05-27 01:02:21,2026-05-27 01:02:21,6607
1233,510,Росгосстрах,2023-10-29 09:12:26,2024-10-28 09:12:26,21194
1234,510,ВСК,2024-10-28 09:12:26,2025-10-28 09:12:26,16144
1235,930,РЕСО-Гарантия,2025-03-08 21:18:31,2026-03-08 21:18:31,21692
1236,396,Т-Страхование,2025-05-18 06:40:27,2026-05-18 06:40:27,7155
1237,176,Росгосстрах,2023-11-19 00:28:49,2024-11-18 00:28:49,10614
1238,176,ВСК,2024-11-18 00:28:49,2025-11-18 00:28:49,21286
1239,183,Ингосстрах,2023-08-20 18:31:43,2024-08-19 18:31:43,8076
1240,183,РЕСО-Гарантия,2024-08-19 18:31:43,2025-08-19 18:31:43,17829
1241,782,Ингосстрах,2024-10-09 07:47:16,2025-10-09 07:47:16,6992
1242,876,ВСК,2025-01-25 14:36:08,2026-01-25 14:36:08,24798
1243,709,Ингосстрах,2024-07-25 17:23:46,2025-07-25 17:23:46,15345
1244,199,РЕСО-Гарантия,2025-02-22 05:23:19,2026-02-22 05:23:19,19115
1245,1165,АльфаСтрахование,2024-12-12 02:33:10,2025-12-12 02:33:10,23770
1246,305,РЕСО-Гарантия,2023-08-14 18:13:14,2024-08-13 18:13:14,12656
1247,305,Ингосстрах,2024-08-13 18:13:14,2025-08-13 18:13:14,22723
1248,327,ВСК,2024-03-06 07:40:56,2025-03-06 07:40:56,15858
1249,327,ВСК,2025-03-06 07:40:56,2026-03-06 07:40:56,22208
1250,985,Ингосстрах,2023-02-18 14:14:35,2024-02-18 14:14:35,19441
1251,985,ВСК,2024-02-18 14:14:35,2025-02-17 14:14:35,5617
1252,985,ВСК,2025-02-17 14:14:35,2026-02-17 14:14:35,17175
1253,259,АльфаСтрахование,2024-04-18 20:45:50,2025-04-18 20:45:50,23294
1254,259,ВСК,2025-04-18 20:45:50,2026-04-18 20:45:50,17766
1255,616,Росгосстрах,2025-01-24 06:24:04,2026-01-24 06:24:04,13692
1256,276,АльфаСтрахование,2024-10-25 23:32:41,2025-10-25 23:32:41,24496
1257,866,Ингосстрах,2025-04-10 13:04:22,2026-04-10 13:04:22,24889
1258,630,РЕСО-Гарантия,2024-07-26 22:28:43,2025-07-26 22:28:43,16469
1259,991,Ингосстрах,2023-10-21 02:11:32,2024-10-20 02:11:32,8078
1260,991,Т-Страхование,2024-10-20 02:11:32,2025-10-20 02:11:32,16373
1261,746,АльфаСтрахование,2025-03-19 06:37:55,2026-03-19 06:37:55,13294
1262,296,Т-Страхование,2023-12-01 06:20:51,2024-11-30 06:20:51,18138
1263,296,Росгосстрах,2024-11-30 06:20:51,2025-11-30 06:20:51,24698
1264,634,Ингосстрах,2025-05-03 02:55:19,2026-05-03 02:55:19,19827
1265,645,ВСК,2024-11-23 18:25:00,2025-11-23 18:25:00,12521
1266,892,Росгосстрах,2024-09-08 23:19:10,2025-09-08 23:19:10,8491
1267,159,Т-Страхование,2025-02-26 02:18:55,2026-02-26 02:18:55,5412
1268,108,РЕСО-Гарантия,2024-07-08 14:30:55,2025-07-08 14:30:55,6688
1269,725,Росгосстрах,2025-02-09 05:57:32,2026-02-09 05:57:32,23726
1270,55,АльфаСтрахование,2024-10-29 20:07:55,2025-10-29 20:07:55,18540
1271,388,Т-Страхование,2023-07-17 13:20:33,2024-07-16 13:20:33,8593
1272,388,АльфаСтрахование,2024-07-16 13:20:33,2025-07-16 13:20:33,14608
1273,514,Ингосстрах,2025-04-08 17:56:48,2026-04-08 17:56:48,11781
1274,735,РЕСО-Гарантия,2024-04-13 02:48:13,2025-04-13 02:48:13,15971
1275,735,Т-Страхование,2025-04-13 02:48:13,2026-04-13 02:48:13,24447
1276,142,Т-Страхование,2024-05-09 11:15:05,2025-05-09 11:15:05,24962
1277,142,Росгосстрах,2025-05-09 11:15:05,2026-05-09 11:15:05,22052
1278,347,РЕСО-Гарантия,2023-11-11 09:00:57,2024-11-10 09:00:57,20066
1279,347,РЕСО-Гарантия,2024-11-10 09:00:57,2025-11-10 09:00:57,9101
1280,832,Т-Страхование,2024-05-22 09:14:02,2025-05-22 09:14:02,14364
1281,832,Ингосстрах,2025-05-22 09:14:02,2026-05-22 09:14:02,16698
1282,639,РЕСО-Гарантия,2025-04-13 03:41:53,2026-04-13 03:41:53,13984
1283,1091,Ингосстрах,2024-10-18 13:07:58,2025-10-18 13:07:58,20324
1284,209,АльфаСтрахование,2024-11-07 19:50:03,2025-11-07 19:50:03,16483
1285,36,Росгосстрах,2024-02-21 22:45:34,2025-02-20 22:45:34,21274
1286,36,АльфаСтрахование,2025-02-20 22:45:34,2026-02-20 22:45:34,7976
1287,938,Т-Страхование,2024-10-29 22:31:11,2025-10-29 22:31:11,18708
1288,962,ВСК,2025-03-17 23:01:43,2026-03-17 23:01:43,16019
1289,846,Ингосстрах,2024-09-29 17:01:38,2025-09-29 17:01:38,24861
1290,1103,РЕСО-Гарантия,2025-05-15 11:56:45,2026-05-15 11:56:45,22913
1291,266,Ингосстрах,2023-11-26 18:54:15,2024-11-25 18:54:15,21239
1292,266,Т-Страхование,2024-11-25 18:54:15,2025-11-25 18:54:15,13319
1293,580,Т-Страхование,2024-11-02 07:43:09,2025-11-02 07:43:09,23512
1294,646,Т-Страхование,2024-09-27 13:40:52,2025-09-27 13:40:52,16201
1295,468,Росгосстрах,2024-06-04 11:55:44,2025-06-04 11:55:44,16177
1296,433,Т-Страхование,2023-11-01 07:38:00,2024-10-31 07:38:00,16715
1297,433,Т-Страхование,2024-10-31 07:38:00,2025-10-31 07:38:00,7904
1298,92,Ингосстрах,2024-08-20 18:40:01,2025-08-20 18:40:01,15759
1299,838,Росгосстрах,2024-09-01 19:30:29,2025-09-01 19:30:29,24339
1300,730,Ингосстрах,2023-10-26 15:25:44,2024-10-25 15:25:44,19705
1301,730,РЕСО-Гарантия,2024-10-25 15:25:44,2025-10-25 15:25:44,18595
1302,1032,ВСК,2023-10-16 19:50:10,2024-10-15 19:50:10,19115
1303,1032,ВСК,2024-10-15 19:50:10,2025-10-15 19:50:10,8522
1304,380,Росгосстрах,2022-10-09 21:14:00,2023-10-09 21:14:00,6720
1305,380,Росгосстрах,2023-10-09 21:14:00,2024-10-08 21:14:00,10808
1306,380,ВСК,2024-10-08 21:14:00,2025-10-08 21:14:00,18577
1307,1164,Ингосстрах,2024-12-13 18:46:02,2025-12-13 18:46:02,14832
1308,218,Росгосстрах,2024-10-29 10:49:45,2025-10-29 10:49:45,22061
1309,830,Т-Страхование,2024-07-13 16:37:43,2025-07-13 16:37:43,20204
1310,472,Ингосстрах,2024-11-20 00:55:17,2025-11-20 00:55:17,17852
1311,1111,АльфаСтрахование,2024-07-14 04:09:46,2025-07-14 04:09:46,24027
1312,824,РЕСО-Гарантия,2023-07-02 16:11:34,2024-07-01 16:11:34,7527
1313,824,Росгосстрах,2024-07-01 16:11:34,2025-07-01 16:11:34,23332
1314,407,РЕСО-Гарантия,2024-06-20 19:47:56,2025-06-20 19:47:56,11162
1315,708,Росгосстрах,2024-11-10 06:09:33,2025-11-10 06:09:33,14184
1316,2,Ингосстрах,2025-01-06 16:57:52,2026-01-06 16:57:52,5993
1317,1179,АльфаСтрахование,2025-04-15 01:22:55,2026-04-15 01:22:55,10911
1318,684,АльфаСтрахование,2024-11-04 23:01:10,2025-11-04 23:01:10,24879
1319,222,Т-Страхование,2023-11-25 10:41:40,2024-11-24 10:41:40,21423
1320,222,ВСК,2024-11-24 10:41:40,2025-11-24 10:41:40,15212
1321,848,ВСК,2024-01-07 15:17:08,2025-01-06 15:17:08,20170
1322,848,Росгосстрах,2025-01-06 15:17:08,2026-01-06 15:17:08,6780
1323,178,ВСК,2024-10-28 17:14:48,2025-10-28 17:14:48,8286
1324,984,Т-Страхование,2025-01-17 21:32:59,2026-01-17 21:32:59,6522
1325,346,Росгосстрах,2024-08-25 18:24:44,2025-08-25 18:24:44,23092
1326,352,Ингосстрах,2025-01-24 08:31:46,2026-01-24 08:31:46,7123
1327,654,ВСК,2025-05-09 01:05:21,2026-05-09 01:05:21,24431
1328,729,Ингосстрах,2022-08-10 01:18:00,2023-08-10 01:18:00,16129
1329,729,Росгосстрах,2023-08-10 01:18:00,2024-08-09 01:18:00,20255
1330,729,Т-Страхование,2024-08-09 01:18:00,2025-08-09 01:18:00,21403
1331,489,Ингосстрах,2024-09-16 05:09:38,2025-09-16 05:09:38,17713
1332,533,Т-Страхование,2024-05-11 04:53:40,2025-05-11 04:53:40,18267
1333,533,Т-Страхование,2025-05-11 04:53:40,2026-05-11 04:53:40,19538
1334,476,ВСК,2025-01-12 06:05:54,2026-01-12 06:05:54,18376
1335,95,Т-Страхование,2024-02-04 12:25:48,2025-02-03 12:25:48,18238
1336,95,Ингосстрах,2025-02-03 12:25:48,2026-02-03 12:25:48,9995
1337,678,Т-Страхование,2024-11-04 03:20:46,2025-11-04 03:20:46,9145
1338,1022,Т-Страхование,2025-05-26 01:30:45,2026-05-26 01:30:45,23710
1339,858,Ингосстрах,2023-07-29 21:25:53,2024-07-28 21:25:53,19342
1340,858,Росгосстрах,2024-07-28 21:25:53,2025-07-28 21:25:53,15311
1341,436,Росгосстрах,2024-08-26 04:53:30,2025-08-26 04:53:30,10370
1342,175,ВСК,2023-09-28 19:39:06,2024-09-27 19:39:06,12014
1343,175,Т-Страхование,2024-09-27 19:39:06,2025-09-27 19:39:06,9143
1344,1196,РЕСО-Гарантия,2023-09-18 00:24:02,2024-09-17 00:24:02,15777
1345,1196,Т-Страхование,2024-09-17 00:24:02,2025-09-17 00:24:02,19487
1346,89,Ингосстрах,2024-08-16 04:55:33,2025-08-16 04:55:33,20475
1347,149,АльфаСтрахование,2024-11-10 12:22:28,2025-11-10 12:22:28,19089
1348,975,ВСК,2024-01-19 05:07:12,2025-01-18 05:07:12,8657
1349,975,Т-Страхование,2025-01-18 05:07:12,2026-01-18 05:07:12,11046
1350,244,Росгосстрах,2025-05-21 12:14:12,2026-05-21 12:14:12,18674
1351,1008,Т-Страхование,2024-08-05 01:20:05,2025-08-05 01:20:05,17511
1352,602,Т-Страхование,2023-12-12 09:39:12,2024-12-11 09:39:12,23688
1353,602,Т-Страхование,2024-12-11 09:39:12,2025-12-11 09:39:12,14877
1354,281,АльфаСтрахование,2025-05-18 01:03:34,2026-05-18 01:03:34,6581
1355,265,Росгосстрах,2024-09-29 18:03:37,2025-09-29 18:03:37,21315
1356,288,АльфаСтрахование,2024-07-01 15:07:56,2025-07-01 15:07:56,15950
1357,951,ВСК,2023-10-11 19:33:12,2024-10-10 19:33:12,21688
1358,951,Т-Страхование,2024-10-10 19:33:12,2025-10-10 19:33:12,10976
1359,1020,АльфаСтрахование,2022-11-08 02:38:32,2023-11-08 02:38:32,5293
1360,1020,Росгосстрах,2023-11-08 02:38:32,2024-11-07 02:38:32,9798
1361,1020,АльфаСтрахование,2024-11-07 02:38:32,2025-11-07 02:38:32,12952
1362,165,ВСК,2023-08-11 01:18:12,2024-08-10 01:18:12,24050
1363,165,Т-Страхование,2024-08-10 01:18:12,2025-08-10 01:18:12,18670
1364,262,Росгосстрах,2025-03-03 04:29:01,2026-03-03 04:29:01,9970
1365,139,Росгосстрах,2023-12-21 13:19:59,2024-12-20 13:19:59,10694
1366,139,ВСК,2024-12-20 13:19:59,2025-12-20 13:19:59,22318
1367,316,ВСК,2024-08-18 06:47:07,2025-08-18 06:47:07,5905
1368,480,ВСК,2024-12-09 01:49:32,2025-12-09 01:49:32,12504
1369,94,АльфаСтрахование,2025-01-17 15:11:03,2026-01-17 15:11:03,20622
1370,988,АльфаСтрахование,2025-03-25 05:40:04,2026-03-25 05:40:04,23054
1371,203,Ингосстрах,2023-09-18 10:10:58,2024-09-17 10:10:58,14907
1372,203,РЕСО-Гарантия,2024-09-17 10:10:58,2025-09-17 10:10:58,8163
1373,502,АльфаСтрахование,2024-11-18 15:01:43,2025-11-18 15:01:43,15963
1374,211,Т-Страхование,2024-11-19 22:20:04,2025-11-19 22:20:04,17865
1375,818,АльфаСтрахование,2024-01-30 22:58:36,2025-01-29 22:58:36,10877
1376,818,Ингосстрах,2025-01-29 22:58:36,2026-01-29 22:58:36,10796
1377,477,ВСК,2024-09-19 17:01:42,2025-09-19 17:01:42,16358
1378,804,РЕСО-Гарантия,2024-06-26 01:52:57,2025-06-26 01:52:57,12341
1379,495,Росгосстрах,2023-12-11 01:02:59,2024-12-10 01:02:59,22304
1380,495,ВСК,2024-12-10 01:02:59,2025-12-10 01:02:59,8588
1381,410,ВСК,2025-03-12 08:55:04,2026-03-12 08:55:04,18100
1382,927,Т-Страхование,2024-08-22 00:21:41,2025-08-22 00:21:41,17178
1383,498,Росгосстрах,2024-08-24 22:57:15,2025-08-24 22:57:15,22435
1384,561,Т-Страхование,2025-02-25 20:26:08,2026-02-25 20:26:08,23097
1385,1035,Т-Страхование,2024-09-03 05:46:13,2025-09-03 05:46:13,22372
1386,612,РЕСО-Гарантия,2023-11-08 00:27:20,2024-11-07 00:27:20,20788
1387,612,АльфаСтрахование,2024-11-07 00:27:20,2025-11-07 00:27:20,6245
1388,479,ВСК,2025-03-13 08:52:56,2026-03-13 08:52:56,23167
1389,192,Ингосстрах,2024-06-20 20:55:58,2025-06-20 20:55:58,23455
1390,322,Ингосстрах,2024-07-14 03:55:07,2025-07-14 03:55:07,9105
1391,225,РЕСО-Гарантия,2024-06-19 20:54:16,2025-06-19 20:54:16,14294
1392,444,АльфаСтрахование,2024-11-28 15:28:45,2025-11-28 15:28:45,13673
1393,1170,Т-Страхование,2024-12-25 01:15:59,2025-12-25 01:15:59,9113
1394,911,РЕСО-Гарантия,2023-11-12 00:22:31,2024-11-11 00:22:31,19702
1395,911,Росгосстрах,2024-11-11 00:22:31,2025-11-11 00:22:31,10848
1396,66,ВСК,2024-12-01 18:52:24,2025-12-01 18:52:24,9767
1397,409,Ингосстрах,2023-10-26 17:50:31,2024-10-25 17:50:31,22246
1398,409,Т-Страхование,2024-10-25 17:50:31,2025-10-25 17:50:31,6701
1399,311,АльфаСтрахование,2024-03-25 23:20:39,2025-03-25 23:20:39,16591
1400,311,ВСК,2025-03-25 23:20:39,2026-03-25 23:20:39,19168
1401,851,Т-Страхование,2025-02-19 15:14:31,2026-02-19 15:14:31,9066
1402,748,Росгосстрах,2024-06-16 17:23:40,2025-06-16 17:23:40,6153
1403,875,ВСК,2024-10-19 23:59:25,2025-10-19 23:59:25,11076
1404,669,Т-Страхование,2024-08-21 14:10:14,2025-08-21 14:10:14,12363
1405,1052,РЕСО-Гарантия,2023-09-17 18:33:34,2024-09-16 18:33:34,21347
1406,1052,Ингосстрах,2024-09-16 18:33:34,2025-09-16 18:33:34,20853
1407,761,Ингосстрах,2025-03-16 02:49:47,2026-03-16 02:49:47,21467
1408,703,Т-Страхование,2024-10-07 05:16:25,2025-10-07 05:16:25,8508
1409,844,Т-Страхование,2024-06-13 09:27:47,2025-06-13 09:27:47,9781
1410,796,Росгосстрах,2024-08-17 18:43:09,2025-08-17 18:43:09,6213
1411,759,ВСК,2023-10-05 10:23:50,2024-10-04 10:23:50,18788
1412,759,АльфаСтрахование,2024-10-04 10:23:50,2025-10-04 10:23:50,14326
1413,995,АльфаСтрахование,2025-05-26 17:19:44,2026-05-26 17:19:44,10646
1414,1059,Т-Страхование,2023-12-29 15:24:55,2024-12-28 15:24:55,16319
1415,1059,АльфаСтрахование,2024-12-28 15:24:55,2025-12-28 15:24:55,16509
1416,785,АльфаСтрахование,2023-04-21 18:58:44,2024-04-20 18:58:44,14287
1417,785,Ингосстрах,2024-04-20 18:58:44,2025-04-20 18:58:44,17722
1418,785,Т-Страхование,2025-04-20 18:58:44,2026-04-20 18:58:44,11764
1419,258,Т-Страхование,2024-02-23 07:01:39,2025-02-22 07:01:39,8000
1420,258,Т-Страхование,2025-02-22 07:01:39,2026-02-22 07:01:39,12038
1421,131,ВСК,2022-03-29 08:47:59,2023-03-29 08:47:59,16624
1422,131,ВСК,2023-03-29 08:47:59,2024-03-28 08:47:59,6723
1423,131,Росгосстрах,2024-03-28 08:47:59,2025-03-28 08:47:59,8600
1424,131,Ингосстрах,2025-03-28 08:47:59,2026-03-28 08:47:59,11819
1425,195,Т-Страхование,2023-07-08 17:27:31,2024-07-07 17:27:31,16367
1426,195,Росгосстрах,2024-07-07 17:27:31,2025-07-07 17:27:31,7772
1427,250,ВСК,2023-11-13 06:14:05,2024-11-12 06:14:05,18907
1428,250,Ингосстрах,2024-11-12 06:14:05,2025-11-12 06:14:05,18494
1429,706,АльфаСтрахование,2023-02-15 21:11:24,2024-02-15 21:11:24,7240
1430,706,Т-Страхование,2024-02-15 21:11:24,2025-02-14 21:11:24,10476
1431,706,Т-Страхование,2025-02-14 21:11:24,2026-02-14 21:11:24,22781
1432,840,РЕСО-Гарантия,2025-03-13 10:10:33,2026-03-13 10:10:33,24208
1433,843,Ингосстрах,2023-04-09 06:10:59,2024-04-08 06:10:59,21219
1434,843,РЕСО-Гарантия,2024-04-08 06:10:59,2025-04-08 06:10:59,13278
1435,843,Ингосстрах,2025-04-08 06:10:59,2026-04-08 06:10:59,13669
1436,937,ВСК,2024-02-12 12:45:36,2025-02-11 12:45:36,21887
1437,937,Т-Страхование,2025-02-11 12:45:36,2026-02-11 12:45:36,8253
1438,455,ВСК,2025-02-11 21:33:01,2026-02-11 21:33:01,15285
1439,1154,ВСК,2024-10-17 23:59:46,2025-10-17 23:59:46,17510
1440,389,РЕСО-Гарантия,2024-05-22 11:50:37,2025-05-22 11:50:37,16695
1441,389,Т-Страхование,2025-05-22 11:50:37,2026-05-22 11:50:37,23696
1442,867,Росгосстрах,2024-09-27 08:08:24,2025-09-27 08:08:24,6449
1443,196,Росгосстрах,2023-01-22 23:56:20,2024-01-22 23:56:20,24014
1444,196,Ингосстрах,2024-01-22 23:56:20,2025-01-21 23:56:20,8807
1445,196,Т-Страхование,2025-01-21 23:56:20,2026-01-21 23:56:20,12154
1446,403,ВСК,2024-03-05 23:08:10,2025-03-05 23:08:10,5576
1447,403,ВСК,2025-03-05 23:08:10,2026-03-05 23:08:10,15380
1448,944,Росгосстрах,2025-05-09 11:47:54,2026-05-09 11:47:54,10999
1449,292,АльфаСтрахование,2024-12-25 23:20:03,2025-12-25 23:20:03,9810
1450,575,ВСК,2025-01-28 23:16:20,2026-01-28 23:16:20,17503
1451,392,Ингосстрах,2025-05-18 21:47:21,2026-05-18 21:47:21,5146
1452,1093,Ингосстрах,2024-02-02 13:11:38,2025-02-01 13:11:38,7876
1453,1093,Ингосстрах,2025-02-01 13:11:38,2026-02-01 13:11:38,10539
1454,667,ВСК,2024-06-20 17:01:30,2025-06-20 17:01:30,6642
1455,1134,РЕСО-Гарантия,2024-01-29 17:18:58,2025-01-28 17:18:58,5650
1456,1134,Т-Страхование,2025-01-28 17:18:58,2026-01-28 17:18:58,22250
1457,453,АльфаСтрахование,2025-02-17 10:40:22,2026-02-17 10:40:22,17326
1458,162,Росгосстрах,2022-10-30 06:08:01,2023-10-30 06:08:01,11518
1459,162,Т-Страхование,2023-10-30 06:08:01,2024-10-29 06:08:01,16369
1460,162,Ингосстрах,2024-10-29 06:08:01,2025-10-29 06:08:01,8526
1461,986,РЕСО-Гарантия,2024-07-11 13:42:26,2025-07-11 13:42:26,10502
1462,1005,Ингосстрах,2023-12-15 12:17:17,2024-12-14 12:17:17,24102
1463,1005,АльфаСтрахование,2024-12-14 12:17:17,2025-12-14 12:17:17,21110
1464,431,Росгосстрах,2025-04-23 18:40:23,2026-04-23 18:40:23,7599
1465,77,РЕСО-Гарантия,2024-09-28 06:30:54,2025-09-28 06:30:54,14499
1466,519,АльфаСтрахование,2023-10-26 08:18:00,2024-10-25 08:18:00,6599
1467,519,РЕСО-Гарантия,2024-10-25 08:18:00,2025-10-25 08:18:00,10883
1468,247,Т-Страхование,2024-09-24 07:10:30,2025-09-24 07:10:30,15848
1469,204,Ингосстрах,2024-01-01 04:49:29,2024-12-31 04:49:29,22085
1470,204,Т-Страхование,2024-12-31 04:49:29,2025-12-31 04:49:29,21617
1471,999,Ингосстрах,2025-04-01 09:31:56,2026-04-01 09:31:56,22799
1472,238,Т-Страхование,2025-04-26 12:25:42,2026-04-26 12:25:42,18845
1473,1027,Росгосстрах,2024-12-08 01:18:04,2025-12-08 01:18:04,9481
1474,150,АльфаСтрахование,2024-10-23 09:07:43,2025-10-23 09:07:43,11295
1475,269,АльфаСтрахование,2024-06-01 14:48:36,2025-06-01 14:48:36,20728
1476,1042,РЕСО-Гарантия,2023-12-20 01:56:27,2024-12-19 01:56:27,22336
1477,1042,Росгосстрах,2024-12-19 01:56:27,2025-12-19 01:56:27,13294
1478,362,РЕСО-Гарантия,2025-02-13 19:40:36,2026-02-13 19:40:36,5498
1479,374,Ингосстрах,2024-10-21 06:18:57,2025-10-21 06:18:57,5617
1480,184,ВСК,2024-04-27 07:30:20,2025-04-27 07:30:20,11887
1481,184,Т-Страхование,2025-04-27 07:30:20,2026-04-27 07:30:20,24607
1482,216,АльфаСтрахование,2024-11-21 16:00:29,2025-11-21 16:00:29,20365
1483,133,Т-Страхование,2024-05-15 03:20:14,2025-05-15 03:20:14,21689
1484,133,ВСК,2025-05-15 03:20:14,2026-05-15 03:20:14,10677
1485,800,РЕСО-Гарантия,2024-10-29 03:25:38,2025-10-29 03:25:38,12079
1486,17,РЕСО-Гарантия,2023-09-26 18:05:08,2024-09-25 18:05:08,21150
1487,17,АльфаСтрахование,2024-09-25 18:05:08,2025-09-25 18:05:08,8024
1488,743,Росгосстрах,2023-11-13 14:34:28,2024-11-12 14:34:28,20424
1489,743,РЕСО-Гарантия,2024-11-12 14:34:28,2025-11-12 14:34:28,12523
1490,1127,Росгосстрах,2025-04-05 13:21:33,2026-04-05 13:21:33,6986
1491,1122,Росгосстрах,2025-04-20 03:36:38,2026-04-20 03:36:38,22856
1492,994,АльфаСтрахование,2024-06-09 03:53:19,2025-06-09 03:53:19,13623
1493,855,Росгосстрах,2024-08-17 07:35:00,2025-08-17 07:35:00,19728
1494,933,РЕСО-Гарантия,2025-04-26 01:37:27,2026-04-26 01:37:27,22428
1495,608,РЕСО-Гарантия,2024-10-23 03:50:47,2025-10-23 03:50:47,23778
1496,107,Росгосстрах,2024-05-05 08:21:42,2025-05-05 08:21:42,24629
1497,107,Т-Страхование,2025-05-05 08:21:42,2026-05-05 08:21:42,22956
1498,908,АльфаСтрахование,2025-05-06 14:22:44,2026-05-06 14:22:44,16844
1499,795,ВСК,2024-08-16 22:09:21,2025-08-16 22:09:21,13393
1500,1011,АльфаСтрахование,2025-02-10 23:56:31,2026-02-10 23:56:31,24154
