car_id,car_plate,year,brand,model,vin,color,owner_id
1,ОA641 03,2018,Mercedes-Benz,Mercedes-AMG GLC Coupe,GGT35Y7GXULGH0834,Светло-зеленый,1
2,AО9580 72,1997,INFINITI,I,9WGMSUEN80H6K9074,Коралловый,2
3,000T495 177,1994,Cadillac,Seville,VUBLCJWS9NC376919,Серый,3
4,РE1746 85,2011,Volvo,V50,L19R9VR60SU1C1662,Темно-бирюзовый,4
5,4689УУ 72,2018,Toyota,RAV4,X38SPRAYX5PY97402,Темно-голубой,5
6,Х524EK 60,1997,Honda,Accord,0MR31LKR5P4M01721,Античный Белый,6
7,003D531 35,1997,Toyota,Tacoma Xtracab,8ZHPT2ME998164232,Коралловый,7
8,4314ХУ 716,2017,Mercedes-Benz,Mercedes-AMG C-Class,H2YZEGCWXK3077982,Коричневый,8
9,С3137 85,2007,GMC,Sierra (Classic) 2500 HD Crew Cab,6Z713R0K0UDMP2657,Розовато-лавандовый,9
10,Р5263 152,2002,GMC,Savana 1500 Cargo,Z0CY0LKJ2L85W2253,Светло-синий,10
11,002T805 11,2016,Ford,Escape,FGMPEBZX0SXUR2047,Золотой,11
12,008CD2 92,2008,Hyundai,Veracruz,YKLZV6945DRPC7531,Сине-фиолетовый,12
13,ХE2107 52,1993,Cadillac,DeVille,6GGE181R30RKN1445,Сливовый,13
14,M3319 98,2001,Chrysler,LHS,78PEEFHV5W2622969,Цвет морской волны,14
15,Х434MТ 81,2008,Ford,Edge,PNT5Z6XZ7P0YG6021,Темно-голубой,15
16,О8274 11,2004,Mercedes-Benz,C-Class,DD8AABEL81JVD4807,Бледно-Бирюзовый,16
17,M687MР 799,1998,Isuzu,Oasis,YG1W2ESR51VR96560,Васильковый,17
18,1282BТ 38,2003,Chevrolet,Astro Passenger,ZTAXGV9U6C1KP4393,Оранжево-красный,18
19,9206ОУ 68,2016,Mercedes-Benz,Sprinter 2500 Cargo,3HNE7BCG1H68K4358,Фиолетовый,19
20,Н2421 07,2016,BMW,X5,RFW6X2KE36TMN6481,Фуксия,20
21,005T942 116,2005,Buick,LaCrosse,FYC7DTCS8YSWU5972,Светло-синий,21
22,Р5935 74,2008,Dodge,Viper,5DK6YG5N0KBUY3808,Шоколадный,22
23,KТ761 763,2005,Dodge,Magnum,23756E7M2JBCT4804,Темный хаки,23
24,Т1499 03,1999,Dodge,Ram 3500 Regular Cab,61S7RGW28MXE24991,Золотой,24
25,Т7367 34,2013,Jaguar,XJ,3S83BCWB04PZR6432,Светло-зеленый,25
26,2459РB 763,2020,Chevrolet,Silverado 2500 HD Crew Cab,PVCAYW1887WYD1549,Оранжевый,26
27,ХО968 60,2018,Lamborghini,Aventador,TZT53MXC4JDCT5867,Темно-оранжевый,27
28,РA6327 68,1992,Mercedes-Benz,300 D,YUNSGMVR4GV6N6949,Тусклый серый,28
29,003T474 56,1996,GMC,Safari Cargo,39G2PFVY3HSLE2908,Оранжево-красный,29
30,5037НM 08,2012,Land,Rover Range Rover Sport,X1PEDCPS38FTR9329,Темно-бирюзовый,30
31,000T407 91,2016,Porsche,Macan,WD4H6N1R3L7303240,Зеленый,31
32,СK9633 51,2009,Maybach,62,SWHUHSU30CXG83327,Темно-розовый,32
33,0941AB 05,1996,Chevrolet,S10 Regular Cab,BYU3X8L89WXXC6484,Светло-синий,33
34,KA144 39,2005,MAZDA,MPV,LVPHXDM20BW2S5260,Светло-синий,34
35,Н7071 92,1997,Dodge,Avenger,8ABFS7D80GPK72377,Розовый,35
36,003CD7 72,2007,GMC,Sierra (Classic) 2500 HD Crew Cab,ZV1MZ1Y572UH30651,Хаки,36
37,Р847СХ 49,1994,Honda,Civic,ZC1EGNWD0JG9X6540,Малиновый,37
38,9031РС 82,1998,Oldsmobile,LSS,FRGF6UYL8H3LD9844,Аквамарин,38
39,EУ756 02,2007,Ford,F350 Super Duty Super Cab,M0U48PAD2SRCE0299,Аквамарин,39
40,3565MA 43,2001,Suzuki,Grand Vitara,2V8NH4BW90ND63201,Светло-серый,40
41,AA2318 25,2016,Porsche,911,3R94K83F7JVDN0548,Ярко-розовый,41
42,Т3982 50,2007,MAZDA,RX-8,MLF7P6AY0UH9N2382,Сине-фиолетовый,42
43,2557УО 87,1997,Toyota,Celica,6MM3F4Z80KGZW9695,Золотой,43
44,У048СM 93,2008,Volvo,C70,L2Z9GJTJ7VTPN0350,Бирюзовый,44
45,ТХ5588 716,2008,Chevrolet,Silverado 3500 HD Crew Cab,4Z90VVMKXHPBP7777,Темно-красный,45
46,002CD3 84,2009,Chevrolet,Express 3500 Cargo,V0JFXX323PJKT7045,Индиго,46
47,ХB6239 60,2008,BMW,Alpina B7,TY80MPEM7VG2R0276,Темно-бирюзовый,47
48,E727ОН 136,2008,GMC,Envoy,5JP8CH7Y7PMFJ0054,Тусклый серый,48
49,ТН6216 38,2011,Audi,A6,DPXTTZ4N82ZT40491,Темно-красный,49
50,BР557 57,2011,Dodge,Grand Caravan Cargo,A6WEESR373ZN29316,Синий,50
51,Н839BB 22,2007,Cadillac,CTS,PDB3ASJ49DUFY0933,Светло-розовый,51
52,E388УР 85,2004,Chevrolet,Silverado 3500 Extended Cab,A5DKJV7T8H91E7663,Темно-бирюзовый,52
53,2426ОM 178,2016,Kia,Cadenza,H0TKH2GW1UTFV8327,Светло-желтый,53
54,008D187 77,2001,Lincoln,Navigator,KHAKRV6K7MF6L4693,Темно-розовый,54
55,О2394 102,2011,Nissan,Quest,0R1RHRRT3B90F8118,Бледно-зеленый,55
56,002T468 79,2011,Nissan,370Z,9B4EWDEY35DZT8406,Хаки,56
57,ХС7830 48,2014,Nissan,Xterra,MLRLVSPW44NM58680,Красный,57
58,ОУ644 48,1996,Ford,Escort,DTEAW3PT6CGGB1465,Лазурный,58
59,M186РM 177,2003,Land,Rover Freelander,7P94FL66XMTP79850,Темно-зеленый,59
60,НС081 48,2005,Volkswagen,New Beetle,CBBZXUTD2H9DD2790,Светло-серый,60
61,A089BХ 79,2016,Cadillac,SRX,33P096HN7P2M97496,Слоновая кость,61
62,Х599ОB 23,2006,Chevrolet,Suburban 1500,JDLZC3K10E3U57751,Античный Белый,62
63,2168ТР 750,1994,INFINITI,J,MCW8JVF0X9VJF0431,Фиолетовый,63
64,E665ОA 32,2011,Nissan,Murano,ECS6TNMZ0WLMM0624,Коралловый,64
65,Р0367 113,2011,Ford,F250 Super Duty Regular Cab,0WL811NU11LW58706,Серебряный,65
66,E816РХ 37,2010,Nissan,cube,BFPCEE2P8L6TM4849,Слоновая кость,66
67,Р321ХС 41,2004,GMC,Yukon,30HBSGTM603K55190,Серебряный,67
68,005CD4 94,2006,Buick,Terraza,Z3L74ECJ5TCF16533,Темно-фиолетовый,68
69,Х4370 01,2012,MAZDA,MX-5 Miata,J8SGEVV32HV482170,Белый,69
70,НХ833 799,2007,Honda,S2000,6VPR7WRV87YFF5059,Аквамарин,70
71,000CD5 163,2001,Toyota,Camry,6RCF5YDR2GK3R4708,Тусклый серый,71
72,004T525 37,2016,Kia,Forte5,PW2YRP1G6LU0B6207,Ярко-розовый,72
73,Т602УУ 96,2008,GMC,Sierra 2500 HD Extended Cab,58UZ282EXH15W6091,Бежевый,73
74,K762СA 61,2009,Volkswagen,Rabbit,WWYY46HW477MU2682,Оранжево-красный,74
75,009T646 07,2008,Dodge,Sprinter 2500 Passenger,YVCLPR8A8DPSF2051,Пурпурный,75
76,4892НA 12,2014,Jaguar,XJ,YN7UWHTX198YY3581,Темный хаки,76
77,4779KН 81,2005,Suzuki,XL-7,KDFPRX8B0C4RG5201,Желто-зеленый,77
78,001T267 23,2018,Land,Rover Discovery Sport,6TCDPF3D6D3LS1387,Светло-синий,78
79,СХ533 59,2017,Dodge,Viper,MBUA49HYX8BAS4781,Светло-розовый,79
80,003T451 99,1993,Lexus,SC,EA99E6VW0FHVP8650,Желтый,80
81,000T557 80,1993,Mitsubishi,Eclipse,X6WKD59K0NFZ53453,Черный,81
82,007D509 125,2002,Ford,Focus,WA4HZ3CR4TBGC9575,Темно-синий,82
83,6867AС 89,2010,Maserati,GranTurismo,LL2SHEHH4K0YX1010,Темный хаки,83
84,5492BA 22,2018,Toyota,Yaris iA,5ZT8D0FP0KZ577538,Синий,84
85,ХР3475 68,1998,Isuzu,Hombre Spacecab,46TJARBK3A1B85546,Желтый,85
86,НХ692 125,2001,GMC,Sierra 3500 Crew Cab,FJ1Y6VFJ84MGX3466,Бледно-Бирюзовый,86
87,Х603ТС 716,2003,Ford,F350 Super Duty Super Cab,4VN7SCM981AAJ1412,Оранжевый,87
88,Р616СA 159,2019,Toyota,C-HR,UG6MH8CD519M53665,Темно-розовый,88
89,Х8179 21,2003,Buick,Regal,PXA4MBKB57JAH2191,Розовато-лавандовый,89
90,M401KС 163,2018,Mercedes-Benz,Mercedes-AMG CLA,SC8JATL017VK30120,Коралловый,90
91,Т469СС 86,2002,Ford,Focus,SSPK50WB8WL7T9136,Темно-бирюзовый,91
92,ХУ5321 06,2018,Chevrolet,Impala,77C4L9D74FJBG5682,Сливовый,92
93,Х246EО 98,2011,Ford,Focus,6FA19LFG3V3VX2386,Золотой,93
94,M939СР 174,2012,Nissan,GT-R,SXK4YY957J42F0752,Желтый,94
95,ХA109 80,2000,Kia,Sportage,0JW9NHBU1DBYU5416,Цвет морской волны,95
96,003T985 134,2004,Chevrolet,Avalanche 1500,E7AZCRCAX2X3H7868,Малиновый,96
97,005CD7 82,2020,Honda,Odyssey,6PF56UB68W4N13534,Белый,97
98,У7750 152,2018,BMW,7 Series,JSCNWRZT11LN56213,Каштановый,98
99,СM4225 81,1998,BMW,5 Series,M7CC3L5N3DN874196,Аквамарин,99
100,7451УK 174,2018,Audi,A5,ESN1M2G520FG97372,Зеленый,100
101,008D703 32,2020,Porsche,Taycan,D896V5ENX85AV4752,Красный,101
102,ТО7311 54,2015,Nissan,Armada,DF72ZSAF9G22F0659,Белый,102
103,8036MС 164,2018,Honda,Accord,63395Z0K96V391408,Светло-синий,103
104,ОB8787 36,2000,Mitsubishi,Diamante,B5JX1D929GDDK4347,Темно-бирюзовый,104
105,BA510 05,2017,Dodge,Charger,JS151J8C3MWK91355,Бежевый,105
106,002D239 63,1995,BMW,5 Series,UW96YR5Y7XVP58776,Темно-голубой,106
107,7123ТС 18,2002,Chevrolet,Silverado 1500 Extended Cab,EWA3HZXEXGLMZ0451,Зеленый,107
108,7341СС 07,2006,Toyota,Sequoia,YSK3F7NY8C7LF5859,Бледно-зеленый,108
109,Х0544 35,2011,Dodge,Durango,FBV6LG2T5W1943856,Красный,109
110,У5378 150,2013,Toyota,Prius Plug-in Hybrid,B4NNNMEL7TWWZ4407,Светло-синий,110
111,2100РE 102,2015,Audi,S3,H2KY58BJ2Y1H76175,Аквамарин,111
112,008D667 17,1996,Audi,A6,TGH0U9JK6TX687049,Фиолетовый,112
113,B703KE 58,2000,GMC,Sierra 2500 HD Extended Cab,W4JJE2WF5XG4D2466,Оранжевый,113
114,M817РТ 82,2013,Buick,Regal,0GSAJW2J746ZU8113,Серебряный,114
115,KE1456 164,1999,GMC,Sierra 2500 Extended Cab,7Z8AWP6X8FWHC0034,Пурпурный,115
116,НО405 85,2018,Land,Rover Range Rover Evoque,R9L60D85882925411,Золотой,116
117,Р369KA 08,2014,BMW,X6 M,P9B5KGAU2G9LU7353,Коричневый,117
118,О599ХТ 154,2018,Nissan,TITAN XD King Cab,H0T6HMLD8S9P47582,Светло-голубой,118
119,M023EK 61,2020,Chevrolet,Suburban,PENZ4DMA82YL38805,Хаки,119
120,008T197 38,1992,Suzuki,Swift,PGJ9NBHXXJHRG7774,Бирюзовый,120
121,0464AA 80,1997,Ford,F150 Regular Cab,1RZ9RKU9XYWEN7553,Оранжево-красный,121
122,УО9121 05,1996,Hyundai,Sonata,G2WAPGNC0U4E09601,Желтый,122
123,004T707 125,2001,Toyota,Corolla,S9P7XJC87P4EK6032,Темно-зеленый,123
124,009T884 49,1999,Chevrolet,S10 Regular Cab,0WN0FU6YXGMKN9496,Сливовый,124
125,7812РХ 36,2008,Toyota,Tundra Regular Cab,7YJ0V7E97DDS92402,Слоновая кость,125
126,B6404 10,1993,Buick,Roadmaster,HRMP76AR02N193811,Сливовый,126
127,СХ074 159,2005,Hyundai,Accent,NA9VTYXH1LGDE2393,Белый,127
128,003D278 39,2012,MAZDA,MAZDA3,TB6N83196A5GC6077,Оранжевый,128
129,008D696 60,1994,Dodge,Ram Wagon B150,DY5PNXF80C5WE0520,Аквамарин,129
130,005T079 85,2012,MINI,Convertible,EWVE79XC3M4AW4148,Бледно-зеленый,130
131,ТУ8268 04,1997,Buick,Riviera,14X0B2X6XHNBF2189,Светло-желтый,131
132,005T960 88,2003,MAZDA,MPV,FD5LWN8W4CAC15790,Белый,132
133,6094BР 159,2001,Ford,F150 Super Cab,1AH8E24V5NYLM8867,Бледно-Бирюзовый,133
134,0959BM 81,2015,Chevrolet,Volt,3JVBFSTJ0ZUM76272,Светло-голубой,134
135,M043УС 50,2005,Chevrolet,Express 3500 Passenger,L3GS07YR9CJ7U4349,Бирюзовый,135
136,007D407 173,2011,Dodge,Nitro,ZPLVH5649UJ6Z6672,Ярко-розовый,136
137,9789НK 177,2019,Ford,F350 Super Duty Super Cab,X45AHD8U10GFV4598,Светло-голубой,137
138,M040РУ 37,2009,Volkswagen,Touareg 2,RN5ZVPSB5EAXD6920,Темно-розовый,138
139,B5672 116,2009,Suzuki,Equator Extended Cab,0F12MWZN90KBM9153,Серебряный,139
140,О0980 81,2011,Ford,Transit Connect Passenger,YDT3D2CH7C9ZL1365,Желто-зеленый,140
141,004T997 76,1992,Pontiac,Sunbird,2Y3U32YH8FV346143,Бирюзовый,141
142,ХТ7443 196,2014,Audi,TT,V6RFZWUB1K1LG1577,Фуксия,142
143,6182MС 81,1998,Volkswagen,Cabrio,K5HAYZPEXZZXB1419,Зеленый,143
144,ХM122 38,1994,Hyundai,Scoupe,EA8L21W85HZGN3204,Зеленый,144
145,Р5417 66,2000,Hyundai,Tiburon,R1JLTE676SYVS6457,Фуксия,145
146,Х6647 67,2009,MINI,Hardtop,3N91ZM9U35YP44552,Темно-красный,146
147,8298СР 125,1993,Saturn,S-Series,WPKH0A1U1TAWE1850,Оранжево-красный,147
148,4006РE 54,2001,GMC,Sierra 2500 Regular Cab,TUC3FA6G8CFF23031,Синий,148
149,B065MС 88,1995,Toyota,Tercel,LMYLP9JN9M5HC2961,Зеленый,149
150,4578KН 116,2014,FIAT,500,VCZW6FMNXFDNU6696,Бледно-зеленый,150
151,BР5601 23,1999,Chevrolet,Silverado 2500 HD Regular Cab,U9GUKXTA4J9UP9368,Желтый,151
152,Р367ТХ 12,2015,Chevrolet,Colorado Crew Cab,619Y54L98A7980387,Серебряный,152
153,УB4562 54,2003,Ford,E150 Passenger,HTB037SMXDN306633,Темно-красный,153
154,ХE253 89,2015,Chrysler,300,6H1F4YLL8HA409841,Темно-красный,154
155,3507MН 03,2016,Freightliner,Sprinter 2500 Passenger,DFBZ4W292C6214404,Индиго,155
156,B3532 79,2011,Jaguar,XJ,XEYUNMGV5VNXE6172,Темно-розовый,156
157,MС4712 196,2005,Ford,Explorer,TU7MFD9H55N472702,Темно-голубой,157
158,KУ9062 799,2009,INFINITI,EX,MZBJVXCD43EV89129,Розовый,158
159,2759KТ 163,1997,GMC,1500 Club Coupe,LW6JB66TXL6312206,Сливовый,159
160,MK4364 51,1996,Chevrolet,S10 Regular Cab,GDAT6G0A5AVSZ0072,Темно-зеленый,160
161,EР8785 178,2003,Toyota,Prius,74DCPD317UD9M0900,Розовато-лавандовый,161
162,007D754 70,2014,Ford,Explorer,PT8XAKW21DEBJ3446,Белый,162
163,Н8415 52,1992,GMC,Vandura 2500,TCM8WLYD57YSR5185,Тусклый серый,163
164,005T965 72,2013,Toyota,Prius,13EEVL0B6G9619648,Светло-зеленый,164
165,EE145 62,2003,Land,Rover Freelander,XPCW9EYS3J0UK6041,Темно-голубой,165
166,E081KР 27,2006,Mercedes-Benz,M-Class,B082CP0KXP36K3922,Светло-зеленый,166
167,E0769 59,2011,Nissan,cube,C4WDJYSW3Z0KK9007,Серый,167
168,О9483 75,2015,Volvo,S60,1KDTZAN2XBMUA8559,Светло-зеленый,168
169,E6923 125,1998,Toyota,Sienna,LVAYFKTA8BCFG7047,Оранжевый,169
170,ОО1051 152,2012,GMC,Savana 1500 Passenger,R64RZSAZ7XAHG8688,Светло-желтый,170
171,AK1869 57,2008,Toyota,Tacoma Regular Cab,T6EKH4EF028SC1838,Темно-оранжевый,171
172,О2377 44,2012,Nissan,cube,16AA25RD7210F1852,Светло-розовый,172
173,Н313KО 39,2001,Jeep,Grand Cherokee,5J1B6AY34UXB32318,Желтый,173
174,E903BУ 177,2020,Cadillac,CT6-V,YLS111769BJKF7653,Темный хаки,174
175,СР515 190,1994,Ford,F350 Regular Cab,YKU88W4V2B3G40272,Лазурный,175
176,8083MУ 93,2006,Saturn,Relay,BDA8R12P15E9N9324,Малиновый,176
177,006D252 10,2002,Nissan,Sentra,A6E87UWN0ARY24283,Сине-фиолетовый,177
178,006CD7 82,1992,Mercedes-Benz,600 SEL,88UWT91B8ZSGA5153,Желто-зеленый,178
179,K2209 152,2007,Cadillac,XLR,6XMD2J1PXH54M3198,Аквамарин,179
180,Н0848 56,2002,Mitsubishi,Montero,AJTYV4EY6Y41E8467,Аквамарин,180
181,006D440 159,2017,BMW,M3,ZELL16YA9VF9B7279,Светло-зеленый,181
182,B205BB 28,2020,Mitsubishi,Outlander Sport,5CG2UCR28P2BK1990,Лазурный,182
183,Н1747 716,2001,Buick,Regal,6W4SHNVU16AG48863,Ярко-розовый,183
184,009T044 94,2012,Volvo,XC70,6F8487HM1VT5M6767,Шоколадный,184
185,ТО1709 27,2005,Pontiac,Sunfire,7VUKM5XW61GNE0223,Темно-бирюзовый,185
186,С7725 35,2013,GMC,Acadia,04NBHXFP2ACDM8727,Розовый,186
187,У2409 43,2010,GMC,Sierra 3500 HD Regular Cab,ZSUCKRJJXELSN4273,Шоколадный,187
188,009CD1 73,2010,Volvo,C30,WSA0XFME4A47T3406,Желто-зеленый,188
189,KM142 20,2010,MINI,Hardtop,PSCGMBTD6TBDC6288,Фуксия,189
190,A4455 123,2005,Toyota,Celica,KDHJ06573GJMX7549,Оранжево-красный,190
191,EB2463 82,1997,Chevrolet,2500 Regular Cab,8P5A88TH4RJBZ7924,Ярко-розовый,191
192,MР539 87,2011,Suzuki,Equator Extended Cab,YP8PF14W85EHX5145,Светло-зеленый,192
193,УK578 31,2019,Ford,Transit 350 Van,GLC52Z690XRAK4643,Темно-голубой,193
194,001CD4 73,2005,Nissan,Quest,1UTR82RT8705Y3749,Светло-желтый,194
195,000T650 74,2018,Lexus,RX,5HV6N1774C6T32502,Античный Белый,195
196,AE2898 73,2014,Volkswagen,Routan,ZE98B4S620P3W4984,Каштановый,196
197,О8420 14,2011,BMW,1 Series,5J6HH9GS8AFU50737,Сливовый,197
198,ТН8599 50,2011,Chrysler,300,WLXUDYZA8LYXX9305,Бледно-зеленый,198
199,6760РM 21,2001,Pontiac,Sunfire,3PDH7L1H9MU293903,Светло-синий,199
200,СУ9660 173,2017,MINI,Convertible,DNKWS2YL96ZJ91210,Золотой,200
201,УE441 186,2013,Mitsubishi,Outlander,29HNJ4ZN3PFMA9356,Фиолетовый,201
202,УK7950 97,1994,Dodge,Ram Van B150,TPLWEYGN2AMJT2512,Индиго,202
203,1752EР 32,2013,INFINITI,EX,HULADSYG404EM9990,Темно-оранжевый,203
204,Р084BН 18,2006,MAZDA,MX-5 Miata,9J0TLXLE2XRFM8513,Васильковый,204
205,6142ХО 30,2003,Chrysler,Town & Country,2H4ZN02S755YY3346,Темно-синий,205
206,E6593 39,1994,Nissan,Altima,Z3J75X6R54ZPJ0333,Темно-красный,206
207,С366AУ 34,2011,Mercury,Grand Marquis,2C6EX4A56YTYW0936,Бирюзовый,207
208,Р6576 154,2007,GMC,Sierra (Classic) 1500 Regular Cab,NNKM4DGZ6CN871954,Бежевый,208
209,ОТ955 38,1999,GMC,Safari Cargo,F49CFC6D0LM2W5148,Аквамарин,209
210,ОM626 03,2020,Lexus,LS,RVJ7L8KKX7TJF8762,Красный,210
211,УE9730 32,2011,Hyundai,Elantra,J4ULXANA3ZDWW0235,Серебряный,211
212,E828MС 18,2008,Suzuki,SX4,KN6RM5HL6GL0F6446,Белый,212
213,0415EM 27,2016,Dodge,Journey,RYPMGY153N38K8977,Золотой,213
214,A6725 11,2015,Mercedes-Benz,B-Class,9Z24K5WXXU3F70734,Зеленый,214
215,K079ТE 19,2003,Toyota,Tacoma Regular Cab,RHNXLBYN39SYZ4283,Темно-розовый,215
216,Н668СB 61,2017,GMC,Yukon,NW8LPTT66K3FT6689,Красный,216
217,ОM059 64,2000,Ford,Contour,L8T85EDM8GP5Z6322,Коралловый,217
218,ОТ1921 26,2009,Mercury,Mountaineer,UVKRYKXZ7UE4N9631,Васильковый,218
219,У4369 34,2017,Buick,Cascada,BN6UG9F14S18Y1274,Золотой,219
220,BТ986 43,2018,Cadillac,Escalade,W2PNER1T9TCNT2230,Слоновая кость,220
221,УХ775 67,2015,GMC,Savana 2500 Cargo,JAK51K1352D9K3273,Серебряный,221
222,7463ХН 84,1992,Subaru,SVX,EMT68Z019MZT93806,Бледно-зеленый,222
223,С311BУ 29,2008,Ferrari,612 Scaglietti,Z6WY2DSU9KXBZ6636,Черный,223
224,002CD6 58,1994,Audi,100,ZHM1CCY41EYPD2940,Тусклый серый,224
225,003T132 45,1992,Chrysler,Imperial,M9VMTV7M8SZW40305,Индиго,225
226,E524ТM 92,2018,Honda,HR-V,5ZNAZFZZ38HWV2015,Хаки,226
227,M3616 62,1995,Oldsmobile,Achieva,VTN9ZA9R929KG1954,Светло-розовый,227
228,KУ5776 68,2011,Chevrolet,Aveo,5FUMM2360VZC05956,Темно-голубой,228
229,9360BТ 190,2013,Land,Rover Range Rover Sport,60W2TR7LXY3V93608,Античный Белый,229
230,000CD3 38,2000,Buick,Century,75A1USXU5CVEJ3720,Серебряный,230
231,СK5670 197,2009,Dodge,Nitro,71NSLYJC23LGS9677,Белый,231
232,K1649 02,2008,Toyota,Land Cruiser,MHUYF4NZ2AMD76810,Шоколадный,232
233,6625MР 83,2008,Saturn,Astra,43L4K16J0W1326159,Черный,233
234,0738СН 46,2008,Toyota,Corolla,SVEKYJFS0H7D79390,Светло-зеленый,234
235,9671СK 125,1998,Dodge,Ram 1500 Quad Cab,7C1NJ9GB83CNK5111,Красный,235
236,Т294BE 55,2006,Toyota,Solara,V3E9FVTW8AL5C6606,Серебряный,236
237,AУ9978 39,1992,Toyota,Camry,WJJC27ZC6DV1B6329,Золотой,237
238,K0715 154,2016,Chevrolet,City Express,6L8EE75X4VVSV8605,Хаки,238
239,Т889EA 41,2004,Scion,xB,40VLVH3N31DT18923,Золотой,239
240,Р1924 799,2002,Dodge,Ram 1500 Quad Cab,BRLMW5CSXGP7K4967,Темно-фиолетовый,240
241,РН574 152,2016,Honda,Fit,0L9T48P78XFEN1156,Черный,241
242,РО6705 14,2003,Mercedes-Benz,SLK-Class,T1CZD5EG2YLZU6502,Бежевый,242
243,УM633 38,2009,INFINITI,QX,0FKP9HLV9MX9S0515,Темно-синий,243
244,3242РB 65,2004,Toyota,Tundra Regular Cab,8RAZRWGX42DNH6237,Слоновая кость,244
245,2681ТK 24,2008,Ford,Expedition EL,0BH6BE9Z3FG7Z0625,Фуксия,245
246,НН1892 56,2008,Lincoln,Navigator L,F6G14ENS3Z0UX3032,Темно-синий,246
247,УM4798 66,1997,Chrysler,Cirrus,PV7UZU963TBTL3250,Золотой,247
248,УK7608 89,2013,GMC,Sierra 1500 Crew Cab,BD2APVBJ8D5SC6736,Темно-зеленый,248
249,С601РE 67,2003,Acura,CL,0Z1FDSK4966UF8474,Темный хаки,249
250,003T031 14,1995,Suzuki,Esteem,7RTFRUB08K5J18455,Светло-голубой,250
251,007D962 29,2002,Suzuki,Grand Vitara,N571ZKU6X4BR10660,Темно-красный,251
252,Т1749 81,2007,Acura,TSX,CZ7R9KH5XJLXE0667,Белый,252
253,BО024 27,2012,Chevrolet,Silverado 1500 Extended Cab,DCNHG1W55P2AF1072,Бледно-зеленый,253
254,005CD0 74,2012,Mercedes-Benz,E-Class,UV7GMEEC7WLNG1714,Красный,254
255,E492EA 34,2018,Tesla,Model S,Z5NB4ZN9418AT1768,Светло-желтый,255
256,E0507 41,1994,Chevrolet,Suburban 2500,9H5EJF4F9YGS02502,Бирюзовый,256
257,СK403 178,2010,Hyundai,Sonata,SNGDH0N24TG7J3308,Светло-серый,257
258,У2908 56,2000,Mercedes-Benz,CLK-Class,2M4HZY7M39DWY9051,Васильковый,258
259,A744MР 82,2007,Chevrolet,Cobalt,75X8YG125ZHSM3456,Бледно-Бирюзовый,259
260,K4496 70,1992,Mercury,Sable,R1V9ESR4001714741,Темно-синий,260
261,С8252 88,2006,GMC,Canyon Extended Cab,J1KDFP8S0MXVP0269,Шоколадный,261
262,006D848 13,1996,GMC,Yukon,D7UCSX5W85FMF5248,Хаки,262
263,M9839 91,1995,Lexus,LS,1DNFP9S37BWFJ8853,Сливовый,263
264,B499РХ 53,2004,Lexus,GX,WMHYCVW39TW5K4990,Фуксия,264
265,Н7396 95,2011,GMC,Savana 1500 Cargo,3CG2MXDS82J8Y8910,Темно-фиолетовый,265
266,Т3072 121,2006,Chevrolet,Express 3500 Cargo,ZZWW5U7R3ETFK5872,Цвет морской волны,266
267,B485РС 173,2002,Audi,S8,V80RLXA58AYZP8291,Оранжево-красный,267
268,MТ960 87,2003,Cadillac,Escalade,J7NMPCWE4TD8L0437,Фуксия,268
269,7071ОТ 46,2001,Audi,A8,G7HK114H130F80756,Бежевый,269
270,004D079 198,2001,Daewoo,Leganza,ATABZMK03Y0P87344,Фиолетовый,270
271,007T366 57,2020,Volvo,XC60,HVPZWFX520N4U0539,Розовый,271
272,Р8536 01,2005,Mitsubishi,Outlander,7XJE2G4A5J8C75600,Зеленый,272
273,007D752 98,2001,Mercedes-Benz,M-Class,1V80VW7V5TJBW6350,Васильковый,273
274,4388УB 198,2013,Land,Rover Range Rover Sport,TWS9AV303SE5L5431,Розовато-лавандовый,274
275,ОM2560 190,2004,Cadillac,Escalade ESV,RWZA3DU283BS56155,Темно-зеленый,275
276,AХ3122 113,1996,Toyota,4Runner,URVUSLJ14A8TH5324,Темно-серый,276
277,KХ8617 03,2011,Lexus,CT,P5F3MVEB4RJNM1367,Желтый,277
278,EО5107 102,2008,Volvo,C30,NPY1PAP30HJ698687,Серебряный,278
279,НУ258 68,2018,Subaru,WRX,0SFLU23R2P6XV2551,Розовый,279
280,BТ7849 81,2013,Audi,Q7,D5BWCHGM1YUA88019,Темно-синий,280
281,ОB4615 126,2003,Lexus,LS,UMF009GV87H7A0810,Светло-розовый,281
282,001D988 50,2009,Audi,S8,3GFVK89S5F1128179,Темно-фиолетовый,282
283,5808BM 04,2010,Mitsubishi,Galant,CDJ2M3843U3B75635,Серебряный,283
284,BB694 173,2008,Nissan,Altima,295AJUVUX0NCS4281,Серебряный,284
285,AР988 48,1998,Mitsubishi,Mirage,L5BR101FXPTNY3146,Сливовый,285
286,О578УB 38,2008,Volvo,XC70,2JN4KFZS0N3R04164,Пурпурный,286
287,005T322 40,2019,Nissan,NV2500 HD Cargo,2X0HYRG72PPYG2613,Темно-фиолетовый,287
288,1805СK 43,2009,Bentley,Arnage,K3EPHH0X3Z8B18859,Желто-зеленый,288
289,5693EН 73,1997,BMW,7 Series,0WUA9FTF9EG8D1275,Каштановый,289
290,005T578 08,2012,BMW,Z4,A9Z26WY65JP290629,Красный,290
291,У4735 38,2020,Ford,Explorer,H7JF52DB9UW4U3186,Желто-зеленый,291
292,004D772 13,2017,Ferrari,F12berlinetta,764J1EZG4S26V3782,Слоновая кость,292
293,009D533 190,1992,Audi,S4,09LDE99G0VBWW2577,Темный хаки,293
294,РУ0218 186,2016,Buick,LaCrosse,NB67JKU31ESYZ3638,Темно-бирюзовый,294
295,AХ759 44,2015,Ford,F150 SuperCrew Cab,PZKVX4RF9F9409285,Темно-фиолетовый,295
296,ОB7946 77,2008,Volkswagen,Jetta,V5UDT6EL0958M9459,Красный,296
297,E5019 150,1997,Kia,Sportage,WDYYU9SC1JYW68965,Сливовый,297
298,С2008 24,1995,Suzuki,Swift,227GBZTT4L6LY9062,Темно-фиолетовый,298
299,1490ТХ 68,2003,Chevrolet,Express 2500 Cargo,V71Z11GNXABXJ8724,Пурпурный,299
300,006T652 152,2012,Nissan,cube,C3N8W8W08GDFL5123,Темно-серый,300
301,Р7777 38,1995,Acura,NSX,G9RMXL4DXV6G11049,Слоновая кость,301
302,B8061 09,2001,Saab,3-Sep,XGSSTYHX6AJEP2171,Золотой,302
303,С0325 136,1993,Plymouth,Laser,RP0PLVRY064YB3507,Светло-синий,303
304,009CD4 199,2006,Ford,F150 Super Cab,RHT5BR6G9F7SB9936,Ярко-розовый,304
305,ОХ4390 56,2015,Toyota,Tacoma Access Cab,5MSSD24S04N5R3621,Темный хаки,305
306,Р048BB 38,2004,Acura,TL,PCXFTPAX2SVWX2959,Розовый,306
307,Н489ТХ 09,1993,Mercedes-Benz,300 SD,X6BR7LJB5FD7D7002,Шоколадный,307
308,С7460 28,2008,Honda,Fit,5FUJ5PYX7HBP51291,Пурпурный,308
309,6176УН 159,2014,INFINITI,Q60,A0EPP9LY500BE0630,Фиолетовый,309
310,НE897 121,2013,Cadillac,ATS,PCNTKYAT0THPL8474,Лазурный,310
311,У8310 24,2013,FIAT,500,N44XLSKN81L170581,Античный Белый,311
312,7974MР 80,2019,Hyundai,Ioniq Hybrid,6DVURCRJ5EKVV6533,Темно-оранжевый,312
313,006T337 26,1999,Honda,Passport,0UAZ85N14DYFJ2374,Темно-фиолетовый,313
314,Н194AН 01,2002,Chevrolet,Impala,GX9T2XUA2YVFT9145,Золотой,314
315,Т919СB 76,2009,Ford,Mustang,KYERUPDV4VKZN8858,Оранжево-красный,315
316,РB1984 48,2019,GMC,Sierra 3500 HD Crew Cab,GR5UFLBM3XHFV7477,Оранжевый,316
317,BE848 177,1997,Chevrolet,Blazer,VPR56XMP59B327983,Бежевый,317
318,ТA4517 41,2001,Ford,Windstar Passenger,RLPJ3L5EXT9X74424,Шоколадный,318
319,ТK065 42,2000,GMC,Sierra 1500 Regular Cab,CPCPXL2S4S1YY2821,Цвет морской волны,319
320,007D882 78,2012,Ford,Escape,CWUF4XWE0RT2Y9836,Бледно-зеленый,320
321,8550AУ 51,2012,Chevrolet,Express 2500 Cargo,HP3V9SA27EB0S1079,Тусклый серый,321
322,РС546 42,2016,Chrysler,300,2MK6NUY82DVAH1775,Фиолетовый,322
323,008D198 197,2007,Audi,A6,3ZZK1YML2CSMX3805,Коралловый,323
324,С9507 06,2011,Ram,Dakota Extended Cab,N6C3TTVB2LRFV1281,Бирюзовый,324
325,E853РТ 27,2020,Toyota,Corolla Hybrid,8JAK6EX78C3PD7306,Лазурный,325
326,С8368 24,2013,Audi,Q5,UVACSUMTXPNNV0677,Бирюзовый,326
327,ХН105 77,2019,MINI,Hardtop 4 Door,X9N1J3BM952LL8988,Светло-синий,327
328,E5784 163,1997,Dodge,Ram Van 1500,X0320J823WKF84150,Серый,328
329,A6115 763,2007,Subaru,B9 Tribeca,RU6EJ2HV3KMK35000,Оранжево-красный,329
330,2706ТТ 09,2016,BMW,X1,RKKFMUNZ3DSJY0363,Шоколадный,330
331,MН817 09,2009,Maybach,62,EFN5JBGH8333G9663,Тусклый серый,331
332,ТХ488 73,2009,Mercedes-Benz,SLR McLaren,YAL7K1R88ZVD57099,Хаки,332
333,Т668СB 40,2019,Porsche,911,2EJR7B7P1LGTR0164,Коралловый,333
334,РK2536 22,2000,Land,Rover Range Rover,9VSZVSBA4KYHP9579,Лазурный,334
335,9897BР 82,2012,Nissan,JUKE,E6MY7U3H7GV6T2614,Темно-розовый,335
336,M152ОM 190,2013,Volkswagen,GTI,NZ0TJPG6X3GZY9137,Желтый,336
337,E9383 77,2006,Suzuki,Reno,FSLAKBXT2KUGH0741,Античный Белый,337
338,ОХ353 190,2003,Dodge,Ram Van 3500,0LNMR6C0XG8PN6213,Черный,338
339,Т425EР 159,2018,GMC,Sierra 1500 Double Cab,1PSZ4ZHBX50SC0727,Темно-голубой,339
340,AХ9378 121,2007,Ford,F250 Super Duty Crew Cab,F0TXAVFF1VUVJ2627,Желто-зеленый,340
341,8819УM 96,2016,Ford,F250 Super Duty Regular Cab,VWJ0JHC52YAST3675,Розовато-лавандовый,341
342,ХТ5366 76,2012,Audi,R8,ZDB3C5S821MFK3177,Лазурный,342
343,СУ331 56,1998,Ford,F150 Super Cab,7Z27SSH1X48EZ2362,Светло-синий,343
344,009T531 23,2010,BMW,X6,NHFX7PYF062RU4159,Античный Белый,344
345,2365AM 68,2006,Cadillac,SRX,30TB0KY900U7F2518,Темно-розовый,345
346,О108MA 716,1996,Chevrolet,3500 Regular Cab,LXY2S9534BUST9975,Фуксия,346
347,С681ОС 29,2014,BMW,M5,8J3VEXC49C2C18714,Светло-желтый,347
348,AA626 10,2016,BMW,i8,X1BJYJZL1A5EA7988,Индиго,348
349,СB229 85,2004,Mercedes-Benz,CL-Class,B9WBLG382JYPJ4938,Темно-зеленый,349
350,008CD8 69,1999,Dodge,Avenger,KPHW44XB6TFXN4636,Фуксия,350
351,005T045 94,2004,Audi,A6,FYP31YW3X8V079903,Оранжевый,351
352,K980MK 85,1992,Dodge,Ram Wagon B350,F8PTTG28X26CD0146,Темно-фиолетовый,352
353,AО260 85,2009,Acura,RDX,5RH9RSEE840C71614,Античный Белый,353
354,Р719ТM 56,2020,Chevrolet,Impala,WG3M8P250TVEN9005,Васильковый,354
355,K9517 75,2000,Pontiac,Grand Am,FPBG8F20374ST2867,Темно-фиолетовый,355
356,000D249 30,2010,Kia,Optima,CPVVVJ6K36YMC9057,Коралловый,356
357,ХР526 24,1997,Ford,Windstar Passenger,LW8SF7X74GAG85111,Васильковый,357
358,ХС5467 39,1999,Chevrolet,Astro Passenger,5DV5XG610KL4N6695,Слоновая кость,358
359,003CD4 02,1995,Pontiac,Sunfire,86YS6W2R779VD1301,Светло-голубой,359
360,BУ720 43,2018,Chevrolet,Tahoe,LXRNUG12XJ9S41915,Сливовый,360
361,С4116 150,2008,Scion,xB,DHBK58GX90H095466,Темно-серый,361
362,У421BО 83,2017,Jaguar,F-TYPE,GS4EN7M09L05Y3466,Темно-красный,362
363,M3316 50,2007,Chevrolet,Silverado 2500 HD Regular Cab,L1U3LJ775JUF73713,Цвет морской волны,363
364,007CD8 11,1994,GMC,1500 Club Coupe,XULVR48E0HJYK0415,Желтый,364
365,K4359 799,2008,Mercury,Mountaineer,FUX37UZP8XL4G2531,Античный Белый,365
366,7011СН 68,2019,Jeep,Wrangler,VH2NA2LN10Z5H0957,Ярко-розовый,366
367,006CD6 82,1998,Mercury,Sable,4SDBJ5U763RBY1954,Розовато-лавандовый,367
368,000T880 67,2018,MAZDA,MAZDA6,ZC6808WM5ADF69282,Малиновый,368
369,ОР2503 85,2016,Ram,1500 Quad Cab,NU8UBW8G9YYC01342,Темно-синий,369
370,УР7421 154,2008,Lincoln,MKZ,01GB3VFX5W5J04158,Темно-розовый,370
371,У925KУ 01,2010,Toyota,RAV4,PNYYESJB7NW0E7379,Светло-синий,371
372,001T612 126,1994,Hyundai,Excel,6FL775FD9MCP30107,Малиновый,372
373,ОТ8412 38,1992,Buick,Park Avenue,99BEA3XF2KD7F8570,Слоновая кость,373
374,С878KР 31,2012,Acura,ZDX,8E8UB9R43DV5P8099,Сине-фиолетовый,374
375,1784MХ 94,2002,Volvo,V40,F1CVHVE864GHS1337,Васильковый,375
376,НН0770 03,2011,Jaguar,XF,LENLZ9DGX2BEL8118,Бежевый,376
377,ХС779 30,2015,Aston,Martin Vanquish,MZYNEW5P9FD3V6415,Серебряный,377
378,О670УУ 69,2016,MINI,Paceman,DE675U6702FYD9553,Пурпурный,378
379,K037РТ 716,1998,GMC,Savana 2500 Cargo,W1DYD2T711JP98920,Лазурный,379
380,E6247 152,2005,BMW,X3,9KUHXF0P192ME5065,Золотой,380
381,Т2072 08,2013,Maserati,GranTurismo,NX2ELL170GHLU9968,Темно-фиолетовый,381
382,008D174 52,2005,Mercedes-Benz,M-Class,B3LG4P6P31B485674,Пурпурный,382
383,У5993 09,2014,FIAT,500,25EG6K3N025GH8067,Желто-зеленый,383
384,MС0000 52,2003,GMC,Savana 1500 Cargo,32JTGNGW4VNAP6834,Зеленый,384
385,M466EН 77,2010,BMW,M5,U46C3XM697RNB1812,Бледно-Бирюзовый,385
386,000D815 59,2014,Porsche,Panamera,2KF7M2V57HXXR7416,Темно-синий,386
387,У323BТ 197,2007,Chevrolet,Express 2500 Cargo,SX4APKR77HRTJ6844,Фуксия,387
388,009T244 18,2007,Chevrolet,Corvette,EBZ56FV92AWL64479,Сливовый,388
389,MС0094 96,2019,Audi,Q8,MGSF0JZY8XSXT8073,Фиолетовый,389
390,ТР7805 44,1996,Dodge,Grand Caravan Passenger,H0N87W8U1KVUW2897,Желто-зеленый,390
391,Х0919 123,2019,Mercedes-Benz,Mercedes-AMG GLS,CPARG9MD0Y1NT1769,Цвет морской волны,391
392,Н0563 73,2000,Ford,Econoline E350 Super Duty Passenger,Y3KHVXX86W49P4057,Красный,392
393,Х554MТ 190,1996,BMW,M3,3LWL9PRD3HNMM7448,Сливовый,393
394,007T663 142,2018,Audi,A7,MHB1M2MD4X90X0727,Золотой,394
395,8870ХС 50,1997,Volkswagen,Golf,AUS2FTU21GBJC2764,Розовый,395
396,AA9616 62,2011,Ford,Ranger Super Cab,EXYWG9HY658RC1649,Бледно-Бирюзовый,396
397,Т0725 33,1992,Chevrolet,Suburban 1500,N37R5NUX0Z0D48079,Слоновая кость,397
398,000CD8 15,2010,Toyota,Land Cruiser,CDK20DXK2BHJ73269,Светло-серый,398
399,B959ТB 123,2001,Volvo,S60,BKTG3F5757GUN8287,Светло-розовый,399
400,BB0339 14,2003,GMC,Sierra 2500 HD Regular Cab,PRUUG0DJ8NJAZ3837,Темно-бирюзовый,400
401,K7348 58,2010,Chevrolet,Express 3500 Passenger,4F1BVX967SAN37931,Желтый,401
402,НK6799 26,2017,BMW,4 Series,HKZFW0SW2H6AU7938,Ярко-розовый,402
403,СР478 96,2019,Mercedes-Benz,GLC Coupe,64J2VRAR2J7LY9652,Темно-серый,403
404,У204AM 716,1998,Volkswagen,New Beetle,1W759HFF9PV7J7026,Каштановый,404
405,K5019 85,1998,Toyota,Corolla,PD5628LZ8E6EX4567,Бежевый,405
406,001CD7 90,2007,GMC,Sierra (Classic) 2500 HD Regular Cab,C6VPT2YE3DWDF0217,Желтый,406
407,0101УM 31,2006,Audi,A4,TA5AAG113RMHU6138,Серый,407
408,E143НС 10,1993,Mercedes-Benz,500 E,HX6523KM158LT0153,Бежевый,408
409,РО477 80,2004,Honda,Pilot,T4LGZMR04HABK5750,Серый,409
410,AО8617 159,1997,Buick,Skylark,G7AYY78K14P258816,Светло-зеленый,410
411,У5708 31,2013,Honda,CR-Z,SYRL3GHJXG0SY1442,Бирюзовый,411
412,008CD8 14,1998,Subaru,Impreza,N35M8EVZ9GV3J6268,Коралловый,412
413,BО4207 66,1997,GMC,Savana 2500 Cargo,6V13U5GEX0EWS6597,Зеленый,413
414,000CD5 45,1998,Land,Rover Range Rover,8W6L32YU9811V0175,Слоновая кость,414
415,2845НР 80,2014,Ferrari,458 Speciale,7UXX3UUY9BEK82192,Темный хаки,415
416,AУ152 99,1992,Chevrolet,G-Series G30,BPYECUWH2A3NH0891,Фиолетовый,416
417,ХР9880 20,2014,Mitsubishi,Outlander,BAMS94DT130NY1088,Белый,417
418,001CD6 31,2010,Hyundai,Veracruz,4SFW4EPM8L8SV9591,Золотой,418
419,О296НС 68,2009,Chevrolet,Express 2500 Passenger,CR49PFRZ80BLH7320,Фуксия,419
420,С694AТ 76,2001,Dodge,Ram Wagon 2500,WDY7CJ841LJZJ0066,Темно-зеленый,420
421,003T004 75,2005,Hyundai,Elantra,4ELT1Y3R2P1JJ4937,Индиго,421
422,5830MР 03,2017,Hyundai,Sonata,9Y2AWUGP8L48L1300,Хаки,422
423,MР8808 190,2002,Nissan,Sentra,BYK2RAZA5ANLE8507,Малиновый,423
424,Н851НН 113,2015,Chevrolet,Silverado 1500 Double Cab,8CMAGW663N1P87887,Темно-голубой,424
425,8418AН 20,2010,Toyota,Highlander,J7921YG31UDD04515,Слоновая кость,425
426,Х6899 48,2003,Chevrolet,Malibu,VEZWC30P6R4PT2390,Темно-синий,426
427,A1241 38,1993,Audi,S4,XDK69L5EXCUKD6694,Желто-зеленый,427
428,УХ1459 150,2003,Land,Rover Discovery,PT8P3L7J0VXTE6318,Темно-зеленый,428
429,002CD3 102,1996,Oldsmobile,Aurora,H0DFEF7R70Y2G0250,Античный Белый,429
430,M866ОС 53,1993,Acura,Integra,W3Y0R3AWXTUCT5789,Розовато-лавандовый,430
431,Н738AС 186,2002,Chevrolet,S10 Regular Cab,0CC3W26A5WP7S4770,Шоколадный,431
432,A367СУ 32,2003,Acura,RSX,Z5UR11RS6Y4KA8812,Фуксия,432
433,СУ658 05,2015,BMW,X3,U5V9AJ7WX834D9703,Темный хаки,433
434,9854MС 177,2020,Hyundai,NEXO,3HFCGTLR6B7D57260,Бледно-зеленый,434
435,6664AН 78,2009,Jeep,Liberty,KE2Y1DVB89TY25371,Темно-красный,435
436,Н781KУ 76,2019,Chevrolet,Colorado Extended Cab,C5JA8XMR1HGFC2479,Желтый,436
437,Р730НУ 98,2012,Aston,Martin DB9,TU93K1VH2MVVJ6401,Зеленый,437
438,E9978 56,2010,Chevrolet,Express 2500 Passenger,UM9LMK0G9WBB45866,Индиго,438
439,EХ794 11,1994,Honda,Civic,U27LG7EA2DF9C7386,Желтый,439
440,2254ОУ 82,2014,GMC,Sierra 1500 Regular Cab,TBTU64EP74KCY6574,Оранжево-красный,440
441,Х926EР 82,2020,Audi,SQ5,P1S3450U7U5J36460,Светло-зеленый,441
442,A916ОН 57,1993,Buick,Regal,KMKF347XXYKA18462,Оранжево-красный,442
443,EХ5898 197,2018,Nissan,Altima,C4YCA7TSX3V4S5691,Цвет морской волны,443
444,B134AУ 26,2009,Chevrolet,Silverado 2500 HD Regular Cab,N32THB0WXKTM96434,Желто-зеленый,444
445,005T053 190,2008,Hyundai,Entourage,YYG66T1AXCYMN8595,Светло-желтый,445
446,007T592 14,2004,Isuzu,Ascender,G5NLAAE4X2F9Y1643,Индиго,446
447,004D433 26,1992,INFINITI,M,KNWUYJ4J5SHX07724,Бирюзовый,447
448,003T419 102,1998,GMC,Jimmy,TV523VJJ4F5RG2982,Шоколадный,448
449,E658НТ 799,2006,Cadillac,SRX,4BJ51MPXXPGEG9991,Бледно-Бирюзовый,449
450,ОН2343 48,2012,Nissan,Rogue,H4W2Z2TD3JFLV1395,Светло-голубой,450
451,004T590 799,1994,Mitsubishi,Precis,D80A575B3Z6LG6421,Темный хаки,451
452,С7707 113,2006,Nissan,Altima,P2V2P2S95SBGC6327,Шоколадный,452
453,Н2079 186,2016,BMW,i3,4GY3XZFV0MACU9877,Желтый,453
454,ОТ845 90,2013,Subaru,XV Crosstrek,H7EZPV0A87TN76290,Темно-фиолетовый,454
455,2747СХ 80,2012,GMC,Savana 2500 Cargo,7PMECD5V6KYMR9313,Черный,455
456,1765УA 125,1995,Nissan,240SX,8223AYUK0W41N9958,Коричневый,456
457,005CD3 84,2006,Mercedes-Benz,C-Class,4TC71MDY6WAYJ6932,Бледно-Бирюзовый,457
458,E6897 56,2006,Chrysler,Town & Country,C65NAGDY9VC7K2075,Оранжево-красный,458
459,MУ1996 50,2010,GMC,Sierra 1500 Crew Cab,LRBGCH104VETM7715,Античный Белый,459
460,000D518 27,2005,GMC,Savana 1500 Passenger,N682C6UVX7HHP2075,Зеленый,460
461,B6760 20,2018,Honda,Clarity Fuel Cell,M4HFH1611WRKW2655,Фуксия,461
462,У5732 98,2007,Kia,Sorento,XK64M1UL1F4KU9023,Цвет морской волны,462
463,001CD4 198,2012,Ram,1500 Regular Cab,2T7RMEWE5A1Y50534,Оранжевый,463
464,E0961 62,2019,Audi,A5,4X84US8S4W4M49036,Темно-оранжевый,464
465,B977ТО 37,2013,MINI,Hardtop,7JTV3R4W800ZE4961,Аквамарин,465
466,8847РТ 92,2001,Subaru,Outback,ZZ0GDWNS0BVGZ8686,Малиновый,466
467,000CD0 76,2019,Volvo,V90,5LGYMN280065L3367,Золотой,467
468,Х4082 88,1999,Honda,Passport,BJSK8FV69HAD76509,Фуксия,468
469,3781KB 15,1998,Lincoln,Navigator,P7Z5FR228KUKJ4790,Светло-желтый,469
470,AН5193 46,2002,Buick,LeSabre,0Y65AU42XU5JK9860,Синий,470
471,У6117 777,2017,GMC,Sierra 3500 HD Crew Cab,0HA1TX42X0H1G5858,Каштановый,471
472,007D957 33,2019,Mercedes-Benz,Sprinter 2500 Cargo,J13E4C6P6VNUB1861,Серебряный,472
473,УM764 21,1997,Isuzu,Hombre Spacecab,HNZDBP535EDG91026,Коралловый,473
474,Р0859 54,1996,Chevrolet,2500 HD Extended Cab,AUZBFPPG6B6F13448,Коричневый,474
475,Н769MB 64,2007,Aston,Martin Vantage,7DPPFADX5YF8W5083,Темно-фиолетовый,475
476,НE243 45,2006,GMC,Sierra 1500 HD Crew Cab,07DNXULU5CEP22807,Античный Белый,476
477,Х5580 54,1993,Ford,Probe,AJ3XARBP8CV2U5872,Цвет морской волны,477
478,УУ873 66,2019,Mercedes-Benz,SLC,24PN99T07P2563167,Фуксия,478
479,EУ034 95,2009,Mitsubishi,Outlander,JVXMRZTD0X12M7137,Темно-зеленый,479
480,8981EХ 126,1995,Mitsubishi,Mighty Max Regular Cab,ERMVPCYR4ALR04451,Васильковый,480
481,AС464 49,2002,Ford,Focus,9R8D4V5R5CGM50699,Лазурный,481
482,У8292 116,2012,Hyundai,Santa Fe,R0R1KBYZ5FTC15710,Фуксия,482
483,Т6250 96,2013,Kia,Soul,K59DLA1Z8561W8608,Сине-фиолетовый,483
484,ТХ3603 72,2014,Audi,A7,Z2ZMZJGH1CBUY3721,Хаки,484
485,K1918 113,2000,Dodge,Ram 1500 Regular Cab,KEZKF3XY6B8835684,Черный,485
486,4729BХ 41,2017,Hyundai,Sonata Plug-in Hybrid,78ARNVKR9D7950302,Хаки,486
487,7042ХK 25,2011,Land,Rover Range Rover Sport,YL66LA2T9RN9W3041,Васильковый,487
488,B0953 95,1999,Mercury,Tracer,325WBL5E025DV6223,Лазурный,488
489,AТ940 716,2017,Ford,Flex,HRR6FS3WX3JP47272,Розовый,489
490,008T063 161,2008,Saturn,Outlook,EFDP28SB93KHR6251,Коричневый,490
491,K5151 38,2007,Saab,9-7X,E92SVC4056CMT4074,Зеленый,491
492,KK3638 163,2013,Jeep,Wrangler,XHCE7LZ2X7S0R0084,Хаки,492
493,AB6831 49,1999,Ford,F250 Super Duty Regular Cab,SP12EGPP3A47Z8464,Сине-фиолетовый,493
494,000T232 01,2007,Mitsubishi,Lancer,7RN71S282M8AR7507,Белый,494
495,Р0461 67,2011,Ford,E250 Cargo,A0ZJCUNUX101G8872,Светло-серый,495
496,B3653 190,2008,Ford,Ranger Super Cab,YRJ6GJ0X3MD5J1974,Фуксия,496
497,5080AE 04,2007,Maybach,57,UNKXCLUG9GDT62729,Лазурный,497
498,9824НA 86,2009,Honda,Odyssey,8GUKV30C28Y4U6074,Античный Белый,498
499,EН553 17,2016,Chevrolet,Impala Limited,CG6VTBB26YPH39541,Сине-фиолетовый,499
500,K9058 49,2015,Lincoln,Navigator L,A8VCDDS76UNU70829,Шоколадный,500
501,О646РО 47,2002,Chevrolet,Astro Cargo,WNRAM4GN30NW10143,Светло-розовый,501
502,8610EС 61,2019,Mercedes-Benz,Mercedes-AMG SLC,M7GF0LM04TM880328,Желтый,502
503,5283ТA 159,2019,Toyota,Avalon,C1UYE1E4627UX3884,Индиго,503
504,Т1910 59,2019,Chevrolet,Cruze,1Y7W3NYJ6U8KF4540,Розовато-лавандовый,504
505,О3843 93,2016,Kia,Cadenza,LPTYULWA6EAXD9626,Васильковый,505
506,KР3919 10,2019,Nissan,GT-R,LTSL7G5E9SE0Z4307,Ярко-розовый,506
507,Х6051 121,2012,GMC,Savana 2500 Passenger,X1AHBFUF7F35D7437,Черный,507
508,3413НУ 178,2019,Mercedes-Benz,CLS,8U0T857J9VDGW7620,Светло-голубой,508
509,K4145 161,2019,Volkswagen,Golf Alltrack,TKVC57SZ2SSEX8592,Оранжевый,509
510,000CD8 86,2015,Ford,F350 Super Duty Super Cab,HEC38KPX0U14G8165,Черный,510
511,2446ХE 186,1998,Isuzu,Rodeo,AU5WDGR35C6GC8736,Розовый,511
512,С372EТ 37,2012,Porsche,Boxster,1KM1E1EH1JYTG9116,Светло-розовый,512
513,ХР868 95,2018,Buick,LaCrosse,DEX9AY757BPZF5539,Лазурный,513
514,BK716 13,1994,MAZDA,626,FFZK5XWS2K1XA0287,Зеленый,514
515,004T881 01,2013,Kia,Forte,M2F6TX5BXEME48837,Серебряный,515
516,2781MО 161,2016,Toyota,Camry,FLFT0FB37T76M7248,Желто-зеленый,516
517,003CD0 196,2008,BMW,6 Series,Y25HRY3641GJV4128,Сине-фиолетовый,517
518,AС624 97,2003,Cadillac,CTS,KZMSBDVU3VWT21732,Сливовый,518
519,K1368 12,2014,Cadillac,Escalade,UPXJ5TGE4XPT66633,Розовато-лавандовый,519
520,НK7777 186,2004,Mercury,Mountaineer,P9HMZET5XJKAC8837,Цвет морской волны,520
521,0424MН 02,2001,Buick,LeSabre,BNRY408X85S718295,Темно-серый,521
522,Х3294 01,2004,Mercury,Monterey,EZ2KDYG651ZRL2698,Темно-фиолетовый,522
523,A199РA 80,1993,Ford,Escort,ZDD6F9K33JBN32759,Черный,523
524,Н5557 53,2001,Chevrolet,Impala,RD051Y1M4XDJ86055,Бежевый,524
525,0066BО 16,2010,GMC,Canyon Regular Cab,MC6VRS2A5W6Z64456,Темно-красный,525
526,KХ975 197,2016,Mercedes-Benz,G-Class,MPGS2RCH7CFAK2605,Светло-желтый,526
527,006T966 12,2007,Audi,S4,8ZWL3J7JXKVGM0363,Сине-фиолетовый,527
528,ХО937 113,2000,Dodge,Ram Van 3500,AAD2JJD59LMV22134,Лазурный,528
529,E6687 88,2017,Ford,Taurus,F4RDTNVC64J7F7151,Серый,529
530,Р6795 37,2020,Hyundai,Kona,99HRXDW6XMV899675,Аквамарин,530
531,5402СХ 150,2018,Land,Rover Range Rover Evoque,KD9RVSH89HUZS3667,Светло-желтый,531
532,С863ТB 152,2008,Aston,Martin Vantage,8FL3J4JJXW4V94742,Фуксия,532
533,MН7861 14,2013,INFINITI,QX,MGWAXH4W68GR15193,Темно-зеленый,533
534,С8035 72,2015,Audi,A6,82PYXW1X1DBLS5013,Ярко-розовый,534
535,4631РР 16,2018,GMC,Sierra 3500 HD Crew Cab,SBTTVT5S3D8F13386,Темно-синий,535
536,ХО498 173,1996,Saturn,S-Series,K2GSSPHY4SKHF7053,Белый,536
537,ТУ4121 777,2019,Volkswagen,Arteon,RA435BFG52A2N8280,Темно-зеленый,537
538,Н4568 174,2001,Lexus,GS,T336ADC66H8LW5240,Темно-фиолетовый,538
539,2768ОB 32,2018,Lexus,LC,XVCFEFMU46HGL9420,Ярко-розовый,539
540,О6295 13,2010,Jaguar,XF,TJ51D5K53P9DG7326,Оранжевый,540
541,Н4612 14,1994,Chevrolet,Sportvan G20,EHTWBUGK7BZ8K0198,Бледно-Бирюзовый,541
542,НK425 75,1998,Mercury,Sable,9U1YZ6FZ6FG3W4751,Бледно-Бирюзовый,542
543,ТB0582 47,2008,Nissan,350Z,4NLHTN591U77N0690,Серебряный,543
544,3725KA 82,1999,Acura,SLX,8LHRKEGH9G24A2805,Серебряный,544
545,001CD9 62,1999,Ford,F250 Super Cab,4XYF1MC21BAR00343,Аквамарин,545
546,УН5628 53,2003,Mercedes-Benz,CL-Class,YPRNVEEF052N69943,Светло-голубой,546
547,7878EС 03,2006,Maserati,Coupe,MXBZFVC1XUPJS1898,Цвет морской волны,547
548,000T745 173,1999,Land,Rover Discovery Series II,ALRW1DAV8NVM41887,Бирюзовый,548
549,2075УE 11,2011,Honda,CR-V,GS4WJD2S0YCA34847,Коралловый,549
550,УM0731 178,2014,Nissan,Quest,6185B4CS0SG9U7291,Синий,550
551,006D647 15,1998,Oldsmobile,Achieva,2YENBVMT0F7C15208,Оранжево-красный,551
552,B183EB 59,2003,HUMMER,H1,A34YJ5RR9R2J04308,Светло-серый,552
553,001CD6 79,2009,Honda,Odyssey,9D9KRGHX4S4UW1060,Оранжево-красный,553
554,РР141 94,2013,Audi,A3,834WA2ZG077W47980,Красный,554
555,ОM6585 177,1998,GMC,Savana 2500 Cargo,PV2EESWL762DX9479,Светло-синий,555
556,СХ5230 89,2015,Nissan,JUKE,1JLDCGD252W314982,Аквамарин,556
557,ОР547 61,2015,Ford,F150 Super Cab,CUJ6UD9MXC4CN1172,Розовато-лавандовый,557
558,BР633 07,2005,Suzuki,Forenza,4G1ZU67A1KE4S5804,Темно-фиолетовый,558
559,007D211 124,2007,Suzuki,XL7,V7S717WT56M0T6352,Слоновая кость,559
560,УР107 02,2007,Honda,CR-V,STUHTK7J0KUMC7359,Оранжевый,560
561,M5257 77,2001,Nissan,Frontier Regular Cab,RYXEP6RR4X27G0323,Бледно-Бирюзовый,561
562,009CD5 14,1995,Ford,F350 Super Cab,V5N7RE0E10MT50477,Розовый,562
563,Н338MB 67,2006,Ford,Ranger Regular Cab,92UBZ6LT64N6D6030,Темный хаки,563
564,MТ635 80,1995,Ford,Aerostar Cargo,4YVFJY0J2R07Y4167,Красный,564
565,KA4742 37,2009,Maybach,62,9SFKX2BM73KNG1628,Светло-синий,565
566,ОE733 121,1999,Honda,Passport,BM79WSSE6VGGW4041,Желто-зеленый,566
567,ХE4696 85,2006,Volvo,S60,M8TB5XP560KLG7135,Оранжево-красный,567
568,A0057 47,1994,GMC,1500 Club Coupe,M3YTTKWK48BWU1383,Лазурный,568
569,С3594 92,1998,Mitsubishi,Montero Sport,B9GP9J8R4K7YU0353,Розовый,569
570,MО4119 22,2004,GMC,Sierra 2500 HD Regular Cab,37JWE6AZ8J1793584,Индиго,570
571,B7715 96,2014,Audi,allroad,ZMC17VJHX1C2A7940,Васильковый,571
572,6419ТО 58,2008,Ford,F450 Super Duty Crew Cab,J30FWTGL1V91A2658,Темно-зеленый,572
573,5626AA 102,2016,Ford,F250 Super Duty Regular Cab,P28Z11F190SXA0537,Бирюзовый,573
574,002T030 177,2002,Mitsubishi,Montero,545UAADW7PH5N6621,Розовый,574
575,Т702РХ 124,2000,BMW,3 Series,AK0TDMFK9YHLN9263,Светло-желтый,575
576,A335НС 82,2004,Mercedes-Benz,E-Class,NW0ZEGSD862NL8916,Светло-серый,576
577,Н0296 19,2005,Dodge,Ram 2500 Quad Cab,H4K5UWLA3Z7HM0279,Темный хаки,577
578,1891РУ 29,1995,Dodge,Neon,ZHMKXHG38BSN20926,Хаки,578
579,000CD0 05,2017,Cadillac,Escalade ESV,NW26YJDL49MNP7529,Оранжевый,579
580,С8469 03,2007,MINI,Cooper,17M89DR07JX314249,Шоколадный,580
581,BТ6724 49,2004,BMW,5 Series,U4PXYAJX4F4DM7476,Ярко-розовый,581
582,УС910 09,2008,Ford,F350 Super Duty Super Cab,TFHWK6Z12AC1L4202,Серебряный,582
583,5733ОС 134,2019,Cadillac,ATS-V,ZXRNVPNNXLRP22586,Пурпурный,583
584,О8782 69,2018,Lexus,RC,KZX8E3440SGMF2554,Темно-зеленый,584
585,РТ2948 750,2008,Cadillac,Escalade,JW1J8KP35X3UM5633,Оранжево-красный,585
586,B961KС 76,2012,Volvo,C30,PNLHAB7C2WW663241,Светло-синий,586
587,B774KО 13,2007,Saturn,Ion,G1M0V7GE6GDKX6947,Золотой,587
588,008T938 73,2011,Rolls-Royce,Ghost,6S6XWRKL8C6TL8084,Васильковый,588
589,007CD9 09,2019,Kia,Optima Hybrid,2LC59T2P29KMP5740,Светло-голубой,589
590,О5912 73,1995,Lexus,LS,6E3YFVD79K7AF8359,Цвет морской волны,590
591,005D923 33,1998,Jeep,Wrangler,P4BJNLY51HDM71627,Бирюзовый,591
592,ТE3270 27,1997,Mercury,Mystique,D7WG39539EJHD6076,Темно-голубой,592
593,УО2633 763,2013,Lincoln,MKS,SH5SBY3A46HEN5215,Сине-фиолетовый,593
594,E6850 48,2015,Ford,C-MAX Energi,KPAR40FM7G3LP4722,Фиолетовый,594
595,AО139 04,1994,Toyota,4Runner,1HP9XPAC63PTE4087,Темно-серый,595
596,НН3859 15,2015,Chevrolet,Trax,0GDVKR339C1W95573,Серый,596
597,000D940 53,1993,Mitsubishi,Mighty Max Macro Cab,GWP27WL19L3SL5665,Светло-голубой,597
598,Т2232 51,2018,Lexus,GX,B3GF24SF7UX7F1910,Золотой,598
599,НТ142 12,2018,Kia,Soul EV,0S790DAT4JMK91402,Коралловый,599
600,ХТ2430 126,1998,Ford,F150 Regular Cab,E94127C92AGFM7892,Бежевый,600
601,007T913 81,2015,Hyundai,Elantra,EALR8YTB5TYRJ9484,Бежевый,601
602,7953ОB 90,2011,GMC,Yukon XL 1500,1C1W34SF9YC8M3602,Желто-зеленый,602
603,Х6173 174,2009,Nissan,350Z,B0JLXVWC0Z05H8243,Желто-зеленый,603
604,ТE228 40,2005,GMC,Canyon Extended Cab,C6CZLBAD50Y2J5906,Белый,604
605,Х441EM 159,1992,Acura,Vigor,AB0GPRV23EN3H8939,Зеленый,605
606,ХТ374 23,2003,HUMMER,H2,NCMEDVZP7MF3H9190,Темно-розовый,606
607,5950СХ 134,2014,Mercedes-Benz,GL-Class,NX9EBC1165UKZ7086,Белый,607
608,ОУ4752 21,2017,GMC,Savana 2500 Cargo,HFPRP3R97M9PG2702,Оранжевый,608
609,B556EУ 53,2015,Ford,F250 Super Duty Regular Cab,50UTVTZ2XSKX39405,Темно-зеленый,609
610,ОM453 27,2002,Volvo,S60,2ULHE9T5XDX5N4340,Коралловый,610
611,003D109 15,1998,Mitsubishi,Montero Sport,MTF2PF5B9HVJV2526,Светло-серый,611
612,A7644 29,2006,Ford,E150 Super Duty Passenger,ZTE3W2W679JJ10101,Фуксия,612
613,Т2118 178,2008,Ford,Edge,K22HG5448JB2J7231,Светло-зеленый,613
614,0640MB 88,1992,Isuzu,Stylus,54W3HD5226PZW5503,Светло-серый,614
615,AО0675 93,2017,Cadillac,XT5,H8GEN5MS3H9WX0951,Бежевый,615
616,001CD5 41,2005,Pontiac,Aztek,R87M886U7DPCG2714,Коричневый,616
617,О650УM 81,2002,Nissan,Quest,BLND83YC41V0L7122,Пурпурный,617
618,С524AС 85,2002,Volvo,S60,U3U9LEFT8F57H0109,Серебряный,618
619,A297ХB 124,2005,Subaru,Outback,BVK5MG0N830SU4345,Темный хаки,619
620,007CD3 88,2002,Audi,A4,USUH563M3W0HC1292,Аквамарин,620
621,007D779 85,2013,Land,Rover LR2,ERWWZ51Y44ZEN0824,Синий,621
622,003T315 177,2015,GMC,Acadia,B4BFUR6R70L892017,Золотой,622
623,000D869 74,2003,Pontiac,Sunfire,862H1F2BXT2TE7673,Фиолетовый,623
624,KТ066 70,2019,Mercedes-Benz,CLS,YU1MN2234D3TB5090,Фуксия,624
625,Х556MM 716,2019,Mercedes-Benz,GLC Coupe,J59GDT5S93VS60502,Светло-розовый,625
626,У498KО 80,2012,Hyundai,Veracruz,G1F96VVH1UVMP9117,Аквамарин,626
627,000T437 159,2016,Porsche,Panamera,C7MVN9BL6S3C40838,Темно-голубой,627
628,Р8675 68,2006,Kia,Optima (2006.5),XPDL5LFGX9Y177439,Васильковый,628
629,Р037СB 01,1996,Ford,Ranger Regular Cab,81F01Z0F42WNY4160,Сливовый,629
630,1661ТA 81,2019,FIAT,124 Spider,SGKH4HEJ99AWV6162,Шоколадный,630
631,B5402 66,2008,Chevrolet,Uplander Cargo,2BKTNM064ZSGD8956,Темно-синий,631
632,007T453 15,2018,Subaru,Legacy,3BEJVT6KXVER34433,Каштановый,632
633,С753ХР 54,2009,Nissan,Maxima,VSD7DGB20AYMA0249,Темно-синий,633
634,ОХ5121 174,2020,Mitsubishi,Outlander PHEV,YS1T362R0VZAK6589,Шоколадный,634
635,006D582 39,2019,Chevrolet,Cruze,MG3KJM2E7CGRR9863,Светло-желтый,635
636,С449СО 11,1994,Mitsubishi,Mirage,9SMEBE5N6W73J3070,Сливовый,636
637,8601НA 84,2008,smart,fortwo,EFHL5B0G8DCY75418,Темно-бирюзовый,637
638,004D250 197,2016,Ford,Expedition EL,KE93CN449VMM17867,Лазурный,638
639,KХ7603 67,2018,Kia,Sedona,VDDR5HBG06UE07415,Каштановый,639
640,ОО4824 142,2007,Toyota,4Runner,TKM5VAVP4R5GS7730,Аквамарин,640
641,Р196MA 14,1995,Mercury,Cougar,40LTZCMU8XXXR2783,Темно-розовый,641
642,AE4714 61,2013,INFINITI,EX,8CVH19ATXERXP5652,Золотой,642
643,РН540 82,2018,Mercedes-Benz,SL,KZFVPNMF14GV36422,Темно-розовый,643
644,MР5839 102,2008,MAZDA,MX-5 Miata,5WRAV4HF6V5NE8852,Темно-оранжевый,644
645,004T302 777,2015,MAZDA,MAZDA5,FLKHBH406KUZR9480,Розовый,645
646,009T890 92,1997,GMC,3500 Club Coupe,VSCGBYAK0NVWC7711,Слоновая кость,646
647,5616EB 79,2017,Mercedes-Benz,GLS,DRX6FYC578SUT4031,Серебряный,647
648,006CD2 154,2010,Volvo,XC70,SUXSB5Z96B9GY2479,Серый,648
649,006T707 121,2000,Lexus,SC,SV6HNW0M0CL0Z7852,Бежевый,649
650,Т413РK 45,2020,Mitsubishi,Mirage G4,MH9JX75N158M65822,Ярко-розовый,650
651,Т706РР 174,2015,Aston,Martin Vantage,C8D7SKLFXJANL8336,Античный Белый,651
652,НK210 21,2011,GMC,Sierra 2500 HD Crew Cab,AMKSVL5J3VX3E9995,Сине-фиолетовый,652
653,000D568 84,1993,Oldsmobile,Cutlass Ciera,PCB35HDM0SXZZ4563,Бледно-Бирюзовый,653
654,ОС364 154,1993,MAZDA,Navajo,KZ82SC9T32R2H7392,Шоколадный,654
655,2992BB 32,2018,Volvo,V60,HVGDM4UX5DZX98209,Коричневый,655
656,E382ХТ 82,2014,Mercedes-Benz,Sprinter 2500 Cargo,C37P1PNK04RZ37616,Темно-зеленый,656
657,M054ОС 04,1997,Dodge,Grand Caravan Passenger,6C8HDFT19B7785743,Тусклый серый,657
658,ТН9179 22,2001,Toyota,Celica,R45FRJ5Y92PKD6592,Бирюзовый,658
659,A1680 22,2014,Jeep,Grand Cherokee,6MDT2RJD8HYD99453,Бежевый,659
660,Т015KН 37,1992,Volkswagen,Passat,2NEBNUBK42KY38888,Темный хаки,660
661,M5516 85,2001,Saab,3-Sep,AJ3MVJ76X71FZ9353,Оранжево-красный,661
662,6677УA 163,2020,Porsche,Cayenne Coupe,05ZMZR3G413Z03942,Темно-фиолетовый,662
663,7839ХС 11,2007,Chevrolet,Cobalt,CX2DVXD65TKND2058,Розовый,663
664,Р878BK 46,2005,Dodge,Magnum,2N8H1L4545Y318136,Лазурный,664
665,СН1234 82,2011,Mercedes-Benz,GLK-Class,71JLALLF4PU6H9625,Темно-оранжевый,665
666,E010ТK 88,2020,BMW,X3,8M0G7YU86EAG31148,Светло-желтый,666
667,Х2612 24,2006,Mercury,Monterey,RTK6415588TWR2330,Темно-розовый,667
668,УО3238 36,2012,Porsche,Boxster,RZK7JFKJ42YG46228,Темно-фиолетовый,668
669,СУ595 02,2014,Hyundai,Equus,HA5UES0M92ZYB7721,Индиго,669
670,BA9157 83,2006,BMW,7 Series,6PMM6KNP1FL992964,Сине-фиолетовый,670
671,K8424 186,1996,Subaru,SVX,XA4A205W8FG032651,Темно-бирюзовый,671
672,007D813 22,2006,GMC,Savana 1500 Passenger,JPR9PE4D0E2180241,Коричневый,672
673,BM442 18,2015,Chevrolet,Silverado 3500 HD Double Cab,JFWXZ2PM5X29U9227,Бежевый,673
674,009D769 78,2012,Volvo,C30,VBNSUK55XUJRV3507,Васильковый,674
675,006D339 72,2016,Chevrolet,Silverado 2500 HD Crew Cab,Z23V87JY893755052,Коралловый,675
676,A2259 40,2012,Lexus,IS,F9D6KED80XKKT6166,Светло-розовый,676
677,A1198 59,2005,Nissan,Xterra,588PYW9F48LPS9037,Античный Белый,677
678,ОM362 53,2020,Toyota,Corolla Hatchback,MZJRDV5H822NW7875,Оранжевый,678
679,B844MA 14,2017,Ford,Expedition EL,0YGZGAHKXSRU43793,Темно-красный,679
680,СО1188 716,2017,INFINITI,QX80,T5AYVEJV9VJP97496,Индиго,680
681,ХK881 56,2016,Subaru,BRZ,TYLJ8DMH4W2W45579,Слоновая кость,681
682,У4553 06,1996,Ford,F150 Super Cab,25YC7G708B7BN7259,Золотой,682
683,Х4055 60,1994,Chevrolet,Lumina,AL7YXJNUX0HDV5264,Темно-бирюзовый,683
684,СХ202 84,2009,Audi,R8,4H51TJS37A47H7265,Розовато-лавандовый,684
685,О9673 76,2014,INFINITI,Q50,AP34FA8M64P1U6932,Пурпурный,685
686,AО1588 45,2014,BMW,6 Series,HN9DSGG523RYS1002,Красный,686
687,M623EB 163,2005,INFINITI,QX,8WL8RXBT2NE6H0586,Бледно-Бирюзовый,687
688,ME070 750,2018,Lexus,GS,D63WWAA05MZCS8749,Хаки,688
689,EС0176 799,2009,BMW,M5,VDZ4875D20DEP0529,Васильковый,689
690,KР504 750,2010,Mercedes-Benz,M-Class,2SFBGHSGXAT7S6041,Пурпурный,690
691,005D427 44,2019,Honda,Pilot,CX498KR5XXR546904,Коралловый,691
692,5441ТХ 11,2012,Ram,C/V,GCYW3ATW4LTAF0503,Ярко-розовый,692
693,MО560 52,2019,Chevrolet,Silverado 2500 HD Regular Cab,N663SLSF5585Y2267,Розовато-лавандовый,693
694,BE9272 716,2005,Pontiac,Vibe,SJ9090NF9VMXR8418,Синий,694
695,О7224 763,2000,Dodge,Ram 3500 Quad Cab,FUU1YDFJ8XZDS0833,Оранжевый,695
696,Н668ОО 85,2012,Chevrolet,Suburban 1500,22XPTMF45YP1C0022,Розовый,696
697,У4709 27,2019,Lincoln,Navigator L,3FEV6G084BYEB3747,Оранжевый,697
698,УО954 28,2018,Audi,S3,YT9FFSZD8BZ6N2407,Каштановый,698
699,6180ТС 07,2019,Nissan,NV200 Taxi,4G2DESBV09BXP2445,Светло-желтый,699
700,EО3272 134,2017,Ford,F250 Super Duty Regular Cab,07LNF0L44CBVG1699,Фуксия,700
701,B516AС 69,2002,GMC,Sierra 3500 Crew Cab,BJL7ECUU40SSK0575,Слоновая кость,701
702,У813EУ 01,2019,Ford,Fiesta,W0C86GSM3UZM55063,Золотой,702
703,Х5599 716,2011,Honda,CR-V,RTVS4B9C5N7JF6449,Ярко-розовый,703
704,004CD3 45,1994,Chevrolet,G-Series G10,0J7T0UC8XH0B07774,Сине-фиолетовый,704
705,УM197 36,1998,GMC,Suburban 1500,Z62EGVD72BPFL7510,Античный Белый,705
706,3271AM 55,1999,Kia,Sportage,DL6DLUCJ95REC3171,Цвет морской волны,706
707,MР5433 82,2006,GMC,Canyon Crew Cab,ALK7YT000GM3B0682,Розовато-лавандовый,707
708,НР8691 84,2017,Land,Rover Range Rover Sport,6UBPJC7K07CDU5365,Коричневый,708
709,ОР616 21,2009,GMC,Sierra 1500 Regular Cab,U1LHFEV2769YG7367,Слоновая кость,709
710,О312BР 87,1992,Volkswagen,Cabriolet,K1RV9UV04UAC50418,Каштановый,710
711,У787НХ 96,2000,Pontiac,Firebird,GYG180PN5L1GS3175,Желтый,711
712,О438ХM 12,2004,Chevrolet,Corvette,EW9RXMJN2J6G97690,Тусклый серый,712
713,009CD5 67,2013,Ford,Focus,CT4DZMLA28D0U8823,Хаки,713
714,4358ХУ 763,2000,Suzuki,Grand Vitara,7WWTFZPZ2MHEY6922,Розовый,714
715,K6287 95,2002,Mitsubishi,Lancer,5W8UPDMM6P4UM5394,Розовато-лавандовый,715
716,009CD4 89,2012,Scion,iQ,TF4W0MLH0KE6K1793,Светло-зеленый,716
717,004CD2 116,2000,Ford,Explorer,NGK3SWR09YG3K4285,Аквамарин,717
718,EХ7035 45,2007,Scion,tC,WURE4VVY52SN75109,Каштановый,718
719,AР3461 163,2006,Maserati,GranSport,3H85Y4Z010L6D9220,Каштановый,719
720,A950BХ 20,2014,Volvo,XC70,KVGVB4NP6ZC2G5237,Каштановый,720
721,Н4568 190,1997,Mitsubishi,Montero Sport,J9RECDFK93DJC6519,Бирюзовый,721
722,С413AB 74,1997,Dodge,Stratus,4SGG3CPFXCDJE4177,Цвет морской волны,722
723,000T718 126,2011,Nissan,JUKE,7A6R2UCA0W8623186,Светло-голубой,723
724,E883ОТ 98,2013,Jeep,Compass,19NVLFNUXCNJV4411,Розовый,724
725,СО996 29,1993,Mercedes-Benz,400 E,K2AEZG0465GL13175,Светло-желтый,725
726,Т395РE 86,2015,Ferrari,F12berlinetta,RFMF62RX4BVRL3338,Белый,726
727,MС249 196,2017,Maserati,Quattroporte,SAFPNMB28KKKK1015,Хаки,727
728,0740НB 777,2016,Hyundai,Azera,1C9A7VWM1NGF59902,Аквамарин,728
729,EA103 198,2009,Mercedes-Benz,CLS-Class,9Z540WBM80UDW7551,Бежевый,729
730,007CD9 174,1997,Mitsubishi,Galant,DD2BAN7W4B8AY6668,Темно-красный,730
731,E3345 61,2013,Lexus,LX,BPSNSA5A9KK5K9590,Хаки,731
732,KР3782 161,2018,Buick,Envision,TJZNUKYU0YY1L6955,Коричневый,732
733,5067ТХ 72,1992,Mercury,Sable,HM57P1L991KAU5687,Темный хаки,733
734,Т9508 12,1993,Nissan,NX,KST1REZB37T0W8504,Темно-розовый,734
735,У092EН 32,1992,Chevrolet,Sportvan G20,8BE1BJGR5L7JZ2763,Индиго,735
736,ТР5129 59,2017,Chevrolet,SS,HPFLEEMZ15UNE4999,Тусклый серый,736
737,009T522 78,2017,Chevrolet,Silverado 2500 HD Regular Cab,L691356Y0586J4973,Светло-желтый,737
738,K6098 95,2009,Honda,Accord,4L1JLR7VXYPDG4005,Бледно-Бирюзовый,738
739,НТ2104 29,2005,Cadillac,Escalade,2ZJ6ZBTL6VBLM4907,Лазурный,739
740,004D151 12,2009,Jaguar,XK,DWPVW1VR7H8DP0616,Белый,740
741,E836ТН 163,1996,Nissan,Maxima,PAYW4T990RG2U6915,Аквамарин,741
742,7610AE 40,2018,Nissan,Titan Crew Cab,N592GPR87GCNU5734,Темно-синий,742
743,РН913 92,1999,Dodge,Ram 1500 Regular Cab,XY18668EXADC73795,Темно-оранжевый,743
744,EM707 21,2020,Cadillac,Escalade,0YZYTFFZ25CBB7908,Красный,744
745,С204MС 52,2002,INFINITI,Q,FL8YZ7TG83J0M9571,Каштановый,745
746,0284EE 90,2004,Ford,F150 (Heritage) Regular Cab,7Y38E7FY63E4M7434,Красный,746
747,009D251 81,1992,Oldsmobile,Cutlass Supreme,EEFN8ETZ2M0YT2201,Светло-серый,747
748,MО1167 102,1999,Ford,F350 Super Duty Super Cab,4TA3Z9795UJMD4076,Золотой,748
749,ТE350 21,2008,Audi,A3,7FHGRL295ZGNH9184,Бледно-зеленый,749
750,004T972 62,2003,Acura,RSX,JW04JYGK2TEG12175,Темный хаки,750
751,Н4444 173,2013,Chevrolet,Equinox,PYK5JLAL6SKRL2888,Аквамарин,751
752,0431РС 52,1999,Dodge,Viper,05F7EUYM9DYYX4839,Шоколадный,752
753,001D542 29,1998,Dodge,Stratus,G8AL1DDH49BEW1247,Коралловый,753
754,Р197НK 98,1997,Chevrolet,Cavalier,44UFAFYW171MC3352,Оранжевый,754
755,Н8263 28,2018,Audi,Q7,6HP74NZ68HB8Y8119,Белый,755
756,003T420 72,2014,Scion,xB,GCCLMCKC67V913497,Темно-оранжевый,756
757,Т242MK 08,2005,GMC,Sierra 1500 Extended Cab,26WE8RCE9YAKG2430,Слоновая кость,757
758,9071EB 30,2004,Kia,Sorento,PYU540K87AHJP9827,Малиновый,758
759,Р991НE 92,2000,GMC,Yukon Denali,D66WYZN77744P6650,Темно-оранжевый,759
760,AE7601 84,2017,MAZDA,CX-9,E7R9MXP63RTNX0003,Темно-бирюзовый,760
761,ТР847 20,2011,Dodge,Avenger,HPZ5RE4B0ACTC1291,Слоновая кость,761
762,НB298 08,2004,Ford,Ranger Super Cab,D640R0EV2WJBN0506,Васильковый,762
763,ТE465 150,1996,Cadillac,Seville,YRE5U6KP7RMEN5903,Красный,763
764,EK2466 99,2003,GMC,Savana 2500 Cargo,R9ATXR5Y5HNMA4790,Цвет морской волны,764
765,MХ059 174,2002,MAZDA,Tribute,G0PJV4RH3S3CJ3719,Цвет морской волны,765
766,3116AB 161,1996,MAZDA,B-Series Regular Cab,RMFPB67L26N2G4240,Темно-голубой,766
767,009D086 06,2000,BMW,5 Series,ZFMPNZEUXVPVX4548,Темный хаки,767
768,НХ290 53,2017,FIAT,500c,DRAXLSZG04VUX9785,Малиновый,768
769,KA5808 70,2002,Toyota,Tacoma Double Cab,VGP77EAJ80WMA6719,Темно-голубой,769
770,B0295 96,2009,Acura,RDX,CL5YNV4P9FR5E3209,Бледно-Бирюзовый,770
771,001CD4 154,2008,Chevrolet,Suburban 1500,TH7XAJ5441RE03675,Сливовый,771
772,008T940 116,2013,Hyundai,Accent,6W5C3FY26GTW49718,Светло-серый,772
773,Р7316 125,2012,Lincoln,MKS,VNAYKT460VXJ40069,Античный Белый,773
774,0183EН 68,2017,Hyundai,Elantra GT,R51R71MF642717007,Коралловый,774
775,EХ268 39,2003,Volvo,S80,3L73855R981RW9349,Желто-зеленый,775
776,1014ТM 17,2002,Oldsmobile,Aurora,6UEB00P88MZR89642,Желто-зеленый,776
777,E1702 58,1993,GMC,Safari Passenger,GKRLL3AH1LG4M2182,Розовый,777
778,Н0242 45,2009,Hyundai,Elantra,9TDFPBE89VY8C7548,Коралловый,778
779,E613ТУ 88,2019,Nissan,NV2500 HD Cargo,1F7TVUWH9ZY1Y4822,Темно-синий,779
780,0496KA 96,2015,GMC,Sierra 2500 HD Double Cab,TSVUBR3A853GY9649,Коричневый,780
781,M4584 53,2008,Jaguar,XJ,TNWW8FV80WZDB5342,Светло-синий,781
782,K2766 57,2018,Subaru,Forester,GJ9YKJUK022075403,Темно-бирюзовый,782
783,ОО945 37,2010,Buick,Enclave,BD9FKMFD9A9TP5668,Серебряный,783
784,У4920 91,1992,Land,Rover Range Rover,18CEWS5507K685770,Синий,784
785,ХС6231 62,2014,Chevrolet,Sonic,FHA58NWSXRCVP5091,Аквамарин,785
786,РХ1510 20,2001,GMC,Yukon XL 2500,42GJE13921RMS7732,Светло-зеленый,786
787,EР3808 32,1992,Chevrolet,Sportvan G10,RCASVTE774WME1431,Светло-желтый,787
788,1414EО 51,2015,Ford,Expedition EL,9E2RGR8J35TYK3838,Сливовый,788
789,008CD9 55,2017,Toyota,4Runner,K4NJXGFJ6XAKM7528,Белый,789
790,9898EE 750,2013,Chevrolet,Silverado 3500 HD Extended Cab,MNJ2H0822S88X0149,Ярко-розовый,790
791,4539ХУ 08,1996,Ford,F150 Regular Cab,NVRR9UBD2139N3953,Красный,791
792,KТ2563 177,2013,Volkswagen,Eos,YD7BNAKP3E7858701,Ярко-розовый,792
793,BР3583 72,2005,Dodge,Sprinter 3500 Cargo,0JB8M6MU1YX5W9443,Черный,793
794,НУ589 18,2005,Jaguar,XK,4NHBMUAX4CC8U3964,Синий,794
795,AУ868 78,2005,Cadillac,Escalade,J0XXM7LE6VN3R6720,Золотой,795
796,2856СН 90,2012,Ford,E150 Cargo,J6TJFD768LK2A1568,Золотой,796
797,001CD8 10,2017,Nissan,TITAN Single Cab,S1FTFAEP206UN1852,Серый,797
798,K739СР 17,2012,Volkswagen,Golf,JZJLHKC27VYXJ0745,Коричневый,798
799,006D518 85,2006,GMC,Savana 1500 Passenger,7SFCBPEF0WNWZ6305,Белый,799
800,О7025 05,2019,Chevrolet,Silverado 2500 HD Double Cab,WRUU3RN2164TZ8526,Каштановый,800
801,Н3264 81,1993,Chevrolet,Suburban 2500,H7G5BH1G1JZDL3968,Светло-розовый,801
802,A0182 02,2001,Chrysler,300M,ZY7RD8D04ZE7X7191,Светло-желтый,802
803,BО018 116,1997,Chevrolet,3500 Crew Cab,WPWT17Z3599T98675,Темно-бирюзовый,803
804,5289KE 83,1992,Cadillac,DeVille,7SUM6YYC2WJF81319,Темно-зеленый,804
805,EХ6255 44,2004,Volkswagen,Golf,YUP569LU7D8WA6516,Слоновая кость,805
806,Н836EС 20,1993,Acura,Integra,CJ8EM2CC3KTZV4607,Темно-фиолетовый,806
807,M6544 89,2010,Ford,F350 Super Duty Crew Cab,08ZYDB792YXH35588,Серебряный,807
808,AK5134 66,2000,Subaru,Forester,P4TLTUEY66EK64477,Васильковый,808
809,ХK4106 64,2007,Dodge,Magnum,W9VTRPTAXFEDR0670,Ярко-розовый,809
810,007D441 08,2007,Volkswagen,Touareg,GCX88B417FMZB3409,Слоновая кость,810
811,001T732 13,1999,Oldsmobile,Bravada,D61USSJU1XZZY5184,Сливовый,811
812,007T888 53,1993,MAZDA,MPV,NZYNWX676JT544917,Золотой,812
813,3951AС 38,1998,Mitsubishi,Eclipse,9YSSUK028M4E40326,Темно-фиолетовый,813
814,MB420 77,2018,Nissan,LEAF,TP7EDMBJ84FT59576,Аквамарин,814
815,9297AM 56,2001,Chevrolet,S10 Regular Cab,DUVS50VTXCMKL7621,Серый,815
816,M153УС 35,2009,Volvo,S40,KPF5B43M72BH79040,Бледно-Бирюзовый,816
817,A6423 79,2009,BMW,M6,FD5DK0K58XSA54718,Цвет морской волны,817
818,Р2921 08,2013,Jaguar,XJ,7Y9YH96M0YTF61750,Темно-серый,818
819,MУ496 17,2011,Hyundai,Veracruz,TL6SSAX65ULUZ4570,Желто-зеленый,819
820,KР771 199,2015,MAZDA,MAZDA3,8B5C6YRX69AVU0700,Серебряный,820
821,ХM527 82,2018,GMC,Yukon XL,JC11EYZ38K6TK6465,Светло-желтый,821
822,007T493 33,2008,GMC,Acadia,1D0ARSZX0PYPJ0375,Темно-фиолетовый,822
823,Х5309 125,2015,Land,Rover LR2,GTJD2Z8E8WP2G2225,Черный,823
824,EО435 01,2003,Lexus,ES,HLPVE7J05GYVU6622,Античный Белый,824
825,СE710 12,2001,Pontiac,Grand Prix,0GLUH8WF1XFEC9969,Темно-зеленый,825
826,3876СС 85,2014,Mitsubishi,Outlander,S0NZ8VDU1B0FM8165,Лазурный,826
827,У7873 163,2000,Audi,A8,982RGS2C6N4SW3429,Коралловый,827
828,006CD6 134,2007,Cadillac,CTS,64VSVWVT0553N7397,Оранжево-красный,828
829,4689ТK 39,2005,Acura,MDX,3PDYH3UA74FF04261,Темно-оранжевый,829
830,7365BС 89,2001,Dodge,Ram Van 3500,H8TS6D0K4XBGW0635,Серый,830
831,ТС726 86,1998,Chevrolet,3500 Extended Cab,L31W9KEZ9ZUUA5800,Бирюзовый,831
832,005D051 49,2002,Cadillac,Escalade,2KZWENYP5FRJS4345,Сине-фиолетовый,832
833,007CD7 77,2014,Hyundai,Equus,W00A0UKR7310Y1533,Античный Белый,833
834,РН769 799,2004,Dodge,Caravan Passenger,UF3L7GNF58U508690,Цвет морской волны,834
835,Р000ОТ 17,1994,Volkswagen,Golf III,NPNEA0GG5BDB95565,Сине-фиолетовый,835
836,ХС4139 164,2000,Ford,Explorer,6VSCD4F693X1N5695,Красный,836
837,006T951 03,2003,GMC,Yukon XL 1500,UDT859YJ0WC2R0811,Светло-зеленый,837
838,8214НE 94,2017,Volkswagen,Tiguan Limited,VS9ZF1BJ4ZN4L0521,Золотой,838
839,С191EУ 71,2010,GMC,Sierra 3500 HD Regular Cab,4GNTLG5HXUNKW4093,Черный,839
840,7054СР 54,1995,Toyota,Tacoma Regular Cab,X3MSR0E21KHS70560,Фуксия,840
841,B350ОО 164,2011,Kia,Rio,RU4P2N2Z7MYDX5576,Светло-зеленый,841
842,009CD1 54,1994,Pontiac,Trans Sport,YHEW03CLX28292196,Индиго,842
843,M1424 41,2008,Mitsubishi,Eclipse,A67549UT2C7EF2377,Античный Белый,843
844,1452KР 88,2002,Ford,ZX2,1DKRDCBZ4TLSS7425,Зеленый,844
845,5800AХ 163,2012,Subaru,Legacy,ND8LXP469MW745438,Слоновая кость,845
846,Т9148 86,1994,GMC,2500 Regular Cab,8N8JHUT678W639954,Античный Белый,846
847,Н2666 89,2019,Genesis,G90,PJLMFSEY7N3AE7665,Темно-оранжевый,847
848,EK6226 174,2011,Maybach,57,HZK7S7KR9SDM42883,Бледно-зеленый,848
849,KK5131 136,2001,Chevrolet,Express 1500 Passenger,NU87V1AY4KKWC8473,Ярко-розовый,849
850,ХE917 66,2008,Isuzu,Ascender,5TAANMHC5K1VK1357,Ярко-розовый,850
851,AР9729 173,2019,Kia,Optima Hybrid,7YNTMVY41JG0M6183,Коричневый,851
852,С954НН 716,2013,Volvo,S60,9J7P9ZUF55U6V4840,Бежевый,852
853,006T491 53,2006,Cadillac,STS,KLDFYNB227HU71569,Золотой,853
854,001D573 35,2010,Mercedes-Benz,S-Class,XUH16CH541Y8P7810,Слоновая кость,854
855,004CD5 121,2002,Nissan,Quest,KN7HNLCY1WBSU3680,Пурпурный,855
856,С843СС 16,2002,GMC,Safari Cargo,RK9WAC239HGM17046,Темно-зеленый,856
857,У604НХ 24,2015,Alfa,Romeo 4C,4Z6ZXED44F9WB0276,Васильковый,857
858,РK950 48,2015,Acura,RLX,D0R3M4GW90ATP3535,Темный хаки,858
859,0539РK 54,2003,Nissan,Frontier King Cab,P7CNUJ0T4WAWG0600,Античный Белый,859
860,001D431 196,1992,Chevrolet,1500 Extended Cab,J656CUPTXJBU34025,Лазурный,860
861,E2384 38,2005,Subaru,Outback,PWCLKPA04YLBH5174,Каштановый,861
862,Р6551 29,2011,Nissan,JUKE,ZZMUCCUY34D616657,Синий,862
863,EУ338 80,2003,BMW,X5,NDGB5KJZXWJZE3545,Каштановый,863
864,С8252 164,2016,Volkswagen,Beetle,JD3CMFMB3CJRT1517,Аквамарин,864
865,С4715 78,2012,Nissan,Maxima,LT72353D69DMP0221,Сине-фиолетовый,865
866,BО232 62,1996,Chevrolet,1500 Regular Cab,G7G9ATE99GLCX6214,Сине-фиолетовый,866
867,УA5196 79,2013,Nissan,JUKE,VYZ368N7XKBCB3268,Сливовый,867
868,003D554 73,2004,Pontiac,Sunfire,3DCRC63M8FBC77197,Тусклый серый,868
869,НН7876 29,1999,Toyota,Celica,R1BDMUJ2XUZ6P9309,Античный Белый,869
870,Х7969 39,2008,GMC,Savana 3500 Cargo,78JWHR8B730J63190,Фуксия,870
871,BР8637 85,1995,Buick,Park Avenue,MDCAX39Z0UZUP9966,Белый,871
872,3116EB 14,1998,Land,Rover Range Rover,SN6KGWDS82MNV5431,Хаки,872
873,У302РН 73,2002,Chevrolet,Blazer,3MRVCMKD3GHMA4231,Красный,873
874,E860ОE 02,2011,Ram,2500 Regular Cab,Z73H48L88N4N14140,Бледно-зеленый,874
875,Х474ХE 69,2015,Chevrolet,City Express,ETG5BATK4EBJM7254,Темно-голубой,875
876,0424AС 18,2012,Audi,Q5,WJH9PFSM6B2772768,Васильковый,876
877,MО142 89,2011,Mercedes-Benz,SLS-Class,3Y1A1W1U955XM3515,Оранжево-красный,877
878,KB025 38,2009,Hyundai,Elantra,FYX1R4KFXWBPC7758,Индиго,878
879,Р015KK 41,2013,BMW,1 Series,21CBMRTH6F57N7413,Синий,879
880,8394СХ 53,2001,Toyota,Land Cruiser,A0TUC6PK72DK83099,Темно-зеленый,880
881,Н536ОР 19,2002,Volvo,S80,DSKTCM6K49D9L5228,Бледно-Бирюзовый,881
882,MС297 38,2014,Buick,Enclave,GTNVWLFE1Y1RJ5219,Античный Белый,882
883,M2315 150,2000,Chevrolet,Silverado 1500 Regular Cab,30KGWZD11SC0Y7501,Оранжевый,883
884,K914BA 61,2000,Dodge,Dakota Regular Cab,9RSCTKAW1GLJC2126,Золотой,884
885,О9674 196,2003,Pontiac,Sunfire,XBRZTC169Y97V3332,Античный Белый,885
886,УО199 96,2003,Volkswagen,Golf,5JJ7N8KW33DJL5616,Розовый,886
887,ОA822 82,2017,Audi,A5 Sport,WLS5K61R3ACAM6159,Ярко-розовый,887
888,8850ОТ 03,1998,GMC,3500 Crew Cab,C4EJX56B129EP0273,Оранжевый,888
889,1292AР 27,2005,Mercedes-Benz,SLR McLaren,0C3DFP0E0N5783989,Темно-зеленый,889
890,009T773 92,2005,Audi,allroad,WAVWRVAFXB9RT6084,Темно-розовый,890
891,M486НР 50,2019,GMC,Canyon Extended Cab,C2S02R5KX8ZV08499,Бежевый,891
892,ТС130 02,2010,Suzuki,Kizashi,HFD8J6851C2M17963,Индиго,892
893,ТН4432 76,2008,Ford,F250 Super Duty Crew Cab,7A10HG8T1TBH41693,Светло-синий,893
894,005T163 88,2008,Ford,Ranger Super Cab,FZ7CY1LX8XTAB4103,Зеленый,894
895,009D415 84,2008,Chrysler,Crossfire,PDN6UELYXJHUT8116,Белый,895
896,7132УТ 14,1999,Chrysler,Cirrus,74B7MM876847J8581,Золотой,896
897,E535УТ 68,1998,Plymouth,Voyager,ZAZ17H489E6SY2356,Белый,897
898,О2716 34,2000,Saab,5-Sep,WHWZW65C1V3N68347,Античный Белый,898
899,004T730 07,2019,Ford,Escape,BA7D86KZ4E2HJ2414,Темно-бирюзовый,899
900,Т8942 58,2008,Chevrolet,Corvette,TEK226VT1HP148933,Темный хаки,900
901,Т113УA 38,1994,Lexus,GS,2VRR5X1R4HTK91668,Бирюзовый,901
902,009CD8 79,2008,Land,Rover Range Rover,9K5Z7RS954LPV3444,Коралловый,902
903,РР1396 136,2019,Chevrolet,Silverado 1500 Crew Cab,S025T1HJ1525V1723,Бежевый,903
904,006D863 76,1995,Chevrolet,Corvette,97PDNZG47W6AT4705,Темно-фиолетовый,904
905,Н4165 68,1999,Isuzu,Trooper,RTW7MW866272M1207,Оранжевый,905
906,5967УТ 134,2000,GMC,Yukon,TBPM9NWT0CNZG1503,Светло-голубой,906
907,С186УУ 85,1999,Acura,Integra,C1GDH0AY2815F8532,Темно-серый,907
908,0904AA 44,2006,Toyota,Tundra Regular Cab,YTNK27K310NVY5650,Лазурный,908
909,009T095 113,2005,Chrysler,300,0W1HSCS5XCTHC9918,Золотой,909
910,ОТ163 196,2017,Ferrari,GTC4Lusso,VX5WWLBT67NHW9426,Светло-голубой,910
911,4124НE 77,2003,Isuzu,Axiom,X3P3XMM37J6RV5624,Светло-синий,911
912,0139BТ 37,1993,BMW,5 Series,W4VH6KA29KDB51349,Темно-бирюзовый,912
913,M247СО 136,2019,Jaguar,I-PACE,NVBDTAXE21FKL3089,Серебряный,913
914,MО3210 57,2020,Kia,Optima Hybrid,JRT7YWC4X5ZHS7909,Ярко-розовый,914
915,B0995 123,2010,Nissan,Titan King Cab,63DNSALX9302N6210,Индиго,915
916,5000MM 90,2009,BMW,M5,5NURF3PV10B2A2756,Коричневый,916
917,Н8390 57,2015,GMC,Canyon Crew Cab,CW28EXS290HC07203,Темно-серый,917
918,007D567 78,2014,Scion,tC,HRRLDBH80TZ3Y4842,Ярко-розовый,918
919,РУ6585 76,2013,Kia,Soul,PSKP6BH97R9P67934,Серый,919
920,EE3511 777,2020,Mercedes-Benz,GLC,XSFG5HJX0TCV57747,Аквамарин,920
921,BС277 173,2012,Subaru,Outback,4TZRVJB17JSB05057,Белый,921
922,О465BС 70,1994,Chevrolet,G-Series G20,L8NE695J0ZX4U1382,Бледно-зеленый,922
923,5146ОA 121,2018,Toyota,Tacoma Double Cab,Y1NFTW375RK595522,Темный хаки,923
924,Н2957 99,2001,Ford,F150 Super Cab,CL8RF91B7D6Z42711,Бежевый,924
925,BХ980 08,2009,Jeep,Patriot,GVLMPVYF6BE5C4328,Шоколадный,925
926,001T836 196,1992,Mitsubishi,Expo,GFNZ1HRY3LZHM3297,Желто-зеленый,926
927,РB702 47,2012,GMC,Savana 3500 Passenger,KSHN24RS6C4T00947,Желто-зеленый,927
928,ОХ8899 81,2017,Ford,Transit 350 Wagon,BHHKRF600BWKF8420,Бледно-Бирюзовый,928
929,9811EE 09,1996,Ford,Econoline E350 Cargo,B5M79ZN673LJ73684,Сливовый,929
930,У2370 01,1995,Acura,Legend,VYXP543D1XFJW2260,Розовато-лавандовый,930
931,003D267 46,1996,Ford,Econoline E350 Cargo,KUHE54D95GFVU3385,Слоновая кость,931
932,AХ858 32,2010,Toyota,Tundra CrewMax,5UHMT09H90NPZ3121,Розовато-лавандовый,932
933,9230РС 123,2010,Mercedes-Benz,S-Class,H89MW2TV3BKGM0779,Темно-бирюзовый,933
934,005D971 121,2008,Mitsubishi,Lancer,E8PTYD834JLUE2426,Светло-зеленый,934
935,ОС5831 03,2002,Toyota,Highlander,1CNNZX9R33BY53275,Светло-желтый,935
936,ОM102 42,1992,Chevrolet,1500 Regular Cab,VA2YFUTK8L18S9706,Бледно-зеленый,936
937,003D356 125,2014,Ram,3500 Crew Cab,CM2B558ZX39B97000,Бежевый,937
938,KE0893 63,2000,GMC,Jimmy,R42JUR5V4XBGW1014,Белый,938
939,ТТ1739 11,2005,Honda,CR-V,STL4SZZP1WC8U7602,Аквамарин,939
940,НA450 67,2018,Mercedes-Benz,Mercedes-AMG CLS,C9W4N0H69UKRT6945,Золотой,940
941,О6914 30,2009,Pontiac,Torrent,ZK12118D9ZHY77437,Аквамарин,941
942,K3225 92,2007,GMC,Sierra (Classic) 1500 Crew Cab,EEXUA0DF9MH8X4501,Хаки,942
943,Н8661 10,2016,Ford,Focus,432N68RA9DDKZ4793,Бледно-зеленый,943
944,4026ТУ 196,2006,Buick,Terraza,E6LNN42Z1WM7D7575,Коричневый,944
945,8237AУ 89,1998,GMC,Envoy,HHGRL27C5PK7K8138,Малиновый,945
946,2645РA 15,1993,MAZDA,B-Series Cab Plus,XVFEY35473NJY6536,Синий,946
947,РТ108 27,2015,Jaguar,F-TYPE,RAXWLT1UXUR1P0418,Золотой,947
948,B8289 88,2016,Hyundai,Tucson,62XLZUKE7YLEC5830,Розовый,948
949,K4928 71,1995,Eagle,Talon,7S8XLSUD2RHAB4549,Аквамарин,949
950,Т5583 13,1992,Nissan,240SX,1CN4WPSFX3ZNE4491,Темно-красный,950
951,1927ХE 99,1992,Alfa,Romeo 164,VZDJ4YC94RX6Y8181,Ярко-розовый,951
952,001CD0 40,2019,GMC,Sierra 1500 Regular Cab,J3B4YEU54G7X57457,Розовато-лавандовый,952
953,УС0000 20,1997,Jeep,Wrangler,EF4A8H2GXA7N50113,Светло-розовый,953
954,РР443 97,2019,Alfa,Romeo Giulia,TJLR5KU74SMVK5833,Хаки,954
955,У487ХХ 123,2002,Ford,Explorer,B1ZEE9RN2R59R6197,Серый,955
956,У6992 197,2019,Ram,ProMaster Window Van,V2ZURNWJ0VVLW8659,Хаки,956
957,Р8007 56,2003,Saturn,L-Series,3T9CFXFE3J6BU9347,Хаки,957
958,5707KУ 94,2009,Aston,Martin DB9,PGS1P06W6D1MZ3213,Фиолетовый,958
959,У8802 28,2006,Dodge,Ram 3500 Quad Cab,NMYSD4ZD751T97079,Темно-синий,959
960,001T543 54,2012,GMC,Sierra 1500 Regular Cab,J6YKW1JS8AJLR7117,Темно-зеленый,960
961,KО0941 73,2018,Mercedes-Benz,Mercedes-AMG GLE Coupe,0SWBH1ZR36F072870,Фуксия,961
962,О0191 83,2010,Volvo,C70,W8W81HMA020B60718,Темно-зеленый,962
963,С050KM 96,2013,Chevrolet,Silverado 3500 HD Crew Cab,76XFJ6XGXPKL61465,Фиолетовый,963
964,KK591 73,1995,Ford,Club Wagon,K6NTSC2C9TKZS6338,Темно-розовый,964
965,A443НE 56,2013,GMC,Savana 1500 Cargo,156TPESG5UXYZ7066,Оранжевый,965
966,K145EM 90,2020,Land,Rover Range Rover,UH5LDN222H3RD4351,Светло-желтый,966
967,ТХ651 38,2013,Nissan,Titan Crew Cab,0W643K7B0GX276438,Светло-зеленый,967
968,УA091 96,2012,GMC,Sierra 1500 Crew Cab,DF0FS9LE1Y88A2865,Сливовый,968
969,ТХ2830 06,2015,Chevrolet,Silverado 1500 Double Cab,UBF8ZDAH56YVS5167,Коричневый,969
970,009T607 18,1995,Mitsubishi,Mighty Max Regular Cab,7X00FEL896PFN3353,Желто-зеленый,970
971,ХС245 05,2014,Hyundai,Accent,H2G7HVY65B59J6828,Темно-красный,971
972,С1636 88,1998,Mitsubishi,Mirage,Y1DUJVE07GAUC2322,Ярко-розовый,972
973,6812НM 121,1994,Dodge,Ram Van B350,JM9YHXN166VUK4474,Темно-голубой,973
974,MB5794 08,2001,Chevrolet,Tahoe,RLBNDBF97EHP84448,Светло-зеленый,974
975,5089РР 56,2020,Lexus,GX,GY98LV2U07UBB6250,Аквамарин,975
976,KУ7149 750,1992,Mercedes-Benz,300 D,XAJG9U8N8LU942830,Светло-серый,976
977,С078AТ 82,2009,Ferrari,599 GTB Fiorano,ZBA39NB87CNGY0942,Светло-зеленый,977
978,K279EТ 102,2009,Audi,A4,AL621AAXXWZFM9825,Бирюзовый,978
979,3260KE 31,2013,BMW,M5,K41WX31E97N4R7817,Светло-голубой,979
980,EM0888 64,2006,GMC,Savana 3500 Cargo,A4L8N6B902WJH8660,Коричневый,980
981,Р590KО 52,2012,BMW,X6 M,ZYFX9N274UZHD2599,Темно-оранжевый,981
982,ХE867 716,2002,Chevrolet,Express 2500 Passenger,MKBMLY6K3W6647700,Темно-серый,982
983,KK3592 93,1996,GMC,Suburban 2500,XBCH1M6P3TF8H5886,Бледно-зеленый,983
984,СР611 60,2008,Chevrolet,Colorado Extended Cab,K088ZMG85M8XD9265,Темно-серый,984
985,У6481 150,2013,Hyundai,Tucson,E6DVG216571TF9801,Светло-серый,985
986,EM326 61,2004,Chevrolet,Silverado 3500 Extended Cab,GL6ZZ8YZ28NJF5517,Серый,986
987,3459ХM 88,2016,Ram,1500 Crew Cab,D2JH43530S6DC0695,Темно-синий,987
988,О926ОM 04,2009,Chrysler,Sebring,F4VN1M2UX4RV84081,Бежевый,988
989,7965BA 58,2013,Kia,Sportage,A2RMDYJH1C6PU5583,Золотой,989
990,005T493 46,2006,Toyota,Sequoia,WZ70TZ818B46W7863,Лазурный,990
991,000CD7 186,2015,Honda,Accord Hybrid,8WU9FBLM68AVW8811,Зеленый,991
992,Н807СM 154,2011,Chevrolet,Express 1500 Passenger,9GRWU24G2TLY62597,Малиновый,992
993,MM8479 62,2019,Audi,RS 3,6S5G25G21KKUA9054,Оранжево-красный,993
994,002D165 44,2014,Chevrolet,Silverado 1500 Double Cab,WD4WSRSY5B1F75244,Желтый,994
995,РТ0658 15,2015,Honda,Pilot,79HP4XVE8TZ476350,Светло-зеленый,995
996,EР662 38,1998,Pontiac,Bonneville,ENBT16WV8Z5D92655,Бирюзовый,996
997,B5427 02,2019,GMC,Sierra 1500 Crew Cab,69DC944A9SXK25304,Серебряный,997
998,B3311 60,2008,Volkswagen,GLI,SJZELTBWXGFFR5318,Темно-красный,998
999,1529ОM 763,1999,Oldsmobile,Silhouette,W5RRCD4D0Z3W12216,Сине-фиолетовый,999
1000,1557MУ 19,2006,Hyundai,Azera,9P7B7CCJ35KHM0179,Оранжевый,1000
1001,РО9625 37,2006,Dodge,Ram 2500 Mega Cab,TV77Y8930H8VM3457,Золотой,366
1002,ТХ3002 134,2013,Ford,Transit Connect Passenger,JB9EV6SR7N6VA4333,Черный,856
1003,B292РA 38,2009,Toyota,Tundra CrewMax,4TXUG948935381731,Аквамарин,364
1004,006D005 134,2004,Volkswagen,GTI,3KMRTSN62NDXB0389,Шоколадный,205
1005,Х9290 30,2003,Pontiac,Bonneville,MDBKH2YT2XSLK9657,Темно-голубой,579
1006,9289BM 74,2003,INFINITI,QX,F5AJMFGW3S3ZG4911,Бледно-Бирюзовый,335
1007,С8222 38,2000,Pontiac,Montana,HHJHWKKN8M6GB6944,Коричневый,91
1008,007D299 20,1997,Ford,F250 Super Cab,G9R4X5EC09VSJ9143,Бледно-зеленый,581
1009,B3955 48,2004,GMC,Sierra 1500 Extended Cab,P0M8DVB1X4W2F6773,Каштановый,773
1010,4686EA 98,1997,Ford,Econoline E150 Cargo,MD86CA6Z0FZKL3507,Темно-розовый,45
1011,Н681НB 19,1997,Pontiac,Trans Sport,GT9WZMSTXAWBK2176,Темно-серый,887
1012,4456НB 49,2018,GMC,Sierra 3500 HD Double Cab,VMD35JGR1LLJM3384,Фиолетовый,227
1013,B221ТУ 86,2006,Porsche,Boxster,ZK7D694N7E20B9308,Коралловый,174
1014,002CD4 16,1995,GMC,Suburban 2500,YUTV3SCAXVJ428266,Бледно-зеленый,669
1015,Т735ХM 71,1997,Porsche,Boxster,BPN2806D78AME5530,Темный хаки,556
1016,006CD4 196,2012,Ford,Expedition EL,UEW4UXMU36HZB4403,Малиновый,405
1017,B572AН 164,2006,Honda,Civic,LEA7SLNL6JP1N0269,Светло-синий,814
1018,ХО722 82,2004,Toyota,RAV4,JC0TRZ17XNJKC0652,Лазурный,453
1019,EУ6141 75,2002,Mercedes-Benz,C-Class,EV2WAYG98BJ1V0050,Светло-зеленый,914
1020,9778СB 12,2015,Toyota,Tacoma Access Cab,GZP7N2NG4J3K72487,Серебряный,286
1021,РB0887 198,2004,Porsche,Cayenne,N5LSA98C1SJ1K7901,Розовый,396
1022,О3099 154,2007,Ford,F350 Super Duty Crew Cab,X7K7LBZK7WH7U2767,Темно-розовый,723
1023,РM678 60,2013,Dodge,Charger,TDV7RJFSXPP9K1116,Черный,363
1024,B8747 29,1999,Ford,Econoline E350 Super Duty Cargo,LTFHDBL61AC8H0110,Светло-зеленый,917
1025,004CD1 13,1995,Honda,Civic,66936WKW5XU7H4815,Шоколадный,639
1026,СA124 57,2007,Subaru,Impreza,0GX1Z2Y30PVHC9278,Зеленый,729
1027,002D542 154,1993,Chevrolet,S10 Regular Cab,W4BR7LJS71XBW6692,Коралловый,712
1028,KХ870 83,2009,GMC,Sierra 1500 Crew Cab,TFDKHNEV92CZL5082,Золотой,225
1029,008T028 53,1992,Ford,F250 Regular Cab,H10VCT9R27JW48494,Темный хаки,453
1030,РН5379 30,1993,Chrysler,Imperial,S2U29F010X1TX0029,Пурпурный,310
1031,4655KA 26,2018,Cadillac,XT5,0BA89Z7S6DB0E9035,Васильковый,406
1032,E4424 116,2007,Honda,Pilot,S4D6GHAA6ZKUS3322,Коричневый,396
1033,1081СО 136,2019,Chevrolet,Silverado 2500 HD Crew Cab,08FEVLB6XGV904554,Слоновая кость,526
1034,Х489УУ 80,2015,Lincoln,MKS,GGABMVC35P4DV3748,Желтый,894
1035,KE0608 44,2004,Cadillac,Escalade ESV,1WYFURXPXVY6L8598,Индиго,147
1036,KK383 81,2011,Toyota,Tundra Double Cab,3BFJ4LUJ7AW807619,Красный,655
1037,007CD9 69,2015,GMC,Sierra 2500 HD Regular Cab,0H3NAAG96VFV07561,Бежевый,609
1038,Р117НУ 59,2007,Subaru,Forester,MSWWJXFP8KKGZ1067,Светло-зеленый,747
1039,Х167УР 85,2007,Lincoln,Navigator,Z4F2AJ9E3EK8X0083,Фиолетовый,200
1040,Н039УK 113,2002,Oldsmobile,Bravada,EZ1CPHD780P2H3731,Светло-серый,410
1041,9875ТТ 199,2015,GMC,Terrain,E9B9X30F573TB9863,Аквамарин,974
1042,ОР3038 15,2018,Ford,C-MAX Hybrid,R5GSX3WR4HH589864,Светло-голубой,269
1043,BA5427 32,1996,Toyota,Avalon,LMWE17Z34ZKBE8725,Аквамарин,685
1044,EУ275 28,2009,BMW,3 Series,8NAY0F589RREA4341,Зеленый,717
1045,Р9727 76,2015,Toyota,Prius c,W8ZHT2NC1J4RE4657,Темный хаки,580
1046,008T698 79,2002,Lexus,IS,7UJSA96Y4LF157360,Синий,928
1047,A778KB 85,2015,Chevrolet,Silverado 3500 HD Crew Cab,ATDXG5Y494Z6C3225,Темно-серый,66
1048,2744НM 161,1994,Plymouth,Acclaim,JJXAVYBJ7WK2T4771,Серый,835
1049,7994EA 65,2012,MINI,Hardtop,8DXUACVR3D2YY1825,Светло-зеленый,347
1050,Т281EB 29,2018,Rolls-Royce,Dawn,SDL8PUX56AL7C0262,Темно-синий,482
1051,ОE4372 92,2003,Mitsubishi,Montero Sport,BZG27AN90B35A0043,Розовато-лавандовый,788
1052,002CD4 178,1998,Dodge,Stratus,STUWZD2C8H4DX1729,Тусклый серый,550
1053,K684СB 53,1995,Nissan,Regular Cab,7RY7JL508UNFZ0849,Темно-розовый,863
1054,Т056СM 61,2012,Porsche,911,DG474WPB6XA9M8799,Слоновая кость,885
1055,005T022 159,2010,Mitsubishi,Eclipse,F8ABXAPH21F1V4955,Светло-зеленый,689
1056,СE4677 126,2019,Jeep,Cherokee,FRVYC1VL31SUB1638,Серый,383
1057,Т0990 197,2018,MAZDA,CX-5,DW9A8YRH85JNK8036,Темный хаки,857
1058,У919НО 81,2012,Rolls-Royce,Phantom,2LHK5HB99399E8356,Тусклый серый,909
1059,B486KО 43,2006,Jaguar,XJ,3NGS3X1G9PC6V3517,Васильковый,685
1060,B8456 37,1993,Mercury,Sable,5GVS7BTM9YPMZ0889,Белый,88
1061,KР8816 173,2013,Ford,F350 Super Duty Regular Cab,Z3SM57ZV2B6XV4473,Розовато-лавандовый,79
1062,MН4770 68,1996,Ford,F350 Regular Cab,3MMZCKPT1PK654327,Пурпурный,29
1063,ОН7701 61,1993,Nissan,Maxima,RARS64P9X3LGS7920,Темно-зеленый,806
1064,О606УО 154,2001,Nissan,Quest,CAFYMMDZ16GF08333,Тусклый серый,331
1065,СН8206 174,2018,INFINITI,QX30,ULDGYV63461329002,Темно-голубой,693
1066,ХО617 03,2016,Audi,RS 7,ZZSGK5S0310JA7765,Тусклый серый,507
1067,B291НK 64,2000,Toyota,RAV4,CWLAX5WS5J9CD6162,Светло-синий,35
1068,B701РР 52,2012,Toyota,Prius,KS2EJRG82C79D7507,Темно-серый,746
1069,Н497ОE 121,2006,Mitsubishi,Raider Extended Cab,YJ52EVN70TRBC4164,Каштановый,590
1070,003D278 67,2002,BMW,X5,3AJTDPPN16GN90121,Темно-фиолетовый,237
1071,НТ301 196,1998,Mercury,Mountaineer,PHY4MJGP3L0519914,Шоколадный,157
1072,У887AУ 99,2003,Land,Rover Freelander,5FU2J950XTYXN1004,Коралловый,772
1073,A848ОН 152,2004,Ford,Ranger Super Cab,BNMUR0BA4J7W69054,Аквамарин,743
1074,ОР9293 72,2000,Chevrolet,Suburban 2500,3W1RGY0F6M6WP5838,Оранжевый,920
1075,AM700 54,2002,Nissan,Quest,C1VS9WFA4AWKD5538,Светло-серый,58
1076,EХ225 113,2017,Ferrari,California,UDKDWF9E9GUXP0146,Серебряный,334
1077,K954BС 55,1999,Mercury,Mountaineer,A4DY738203P344433,Белый,752
1078,4096ХA 113,2003,Mercedes-Benz,M-Class,XSZJSPLK1WVRN2252,Индиго,931
1079,НХ4429 32,2009,Mercedes-Benz,C-Class,YYM26D0P9H9BB2674,Синий,325
1080,О9523 83,2011,Volvo,V50,7HV5JB2E0E8BG5777,Бежевый,44
1081,ТK3623 16,2007,Mercedes-Benz,G-Class,YMNDDWCK14ULN7763,Розовато-лавандовый,616
1082,РО469 16,1997,HUMMER,H1,NYE2FYZL79CTW8144,Зеленый,205
1083,Т750НО 17,2015,Mitsubishi,Lancer,7NNP73YK5SR769818,Фуксия,259
1084,1718РE 177,2011,GMC,Sierra 3500 HD Crew Cab,16BTZD8N54R4P6242,Оранжевый,860
1085,B976ТA 60,2018,Audi,A7,HFM0S95K19FBY7190,Сливовый,298
1086,A325РН 25,1994,Nissan,Maxima,8BF3CKZ436V965643,Красный,96
1087,У631BС 96,1998,Cadillac,Eldorado,W25YDN2LXC77E4459,Сине-фиолетовый,631
1088,НM099 81,2011,Scion,tC,CG7FN2MH7X8R90764,Оранжевый,887
1089,3681KB 52,2008,Ferrari,612 Scaglietti,MEJ1W92V5HMK48458,Малиновый,200
1090,EР602 95,2001,Subaru,Legacy,4UUY9MBV5HN839344,Серый,474
1091,Р2108 36,1994,Nissan,Altima,1TDHJCY73MVNH0842,Малиновый,627
1092,РK349 177,2004,Oldsmobile,Silhouette,9KTZCAAM6BVVG3502,Оранжево-красный,528
1093,У3384 79,2019,Jeep,Wrangler Unlimited,8EX1MYYM4A33K2221,Античный Белый,818
1094,003CD4 124,2011,MAZDA,MX-5 Miata,4CEXDKPD47LTF5002,Светло-голубой,229
1095,ОО943 71,1995,Honda,Odyssey,MZRK5XL82LFAR3445,Хаки,266
1096,K5942 92,2010,Saab,3-Sep,D6ZS7STS1Z3673342,Темно-розовый,288
1097,ХB8249 199,2003,Hyundai,Sonata,W1NG85G3XSN7B6547,Желто-зеленый,234
1098,У9075 40,2012,Maserati,GranTurismo,N7CZFGPT0KLUM2933,Сине-фиолетовый,358
1099,ХС2309 152,2004,MAZDA,MX-5 Miata,YS3MUVTP7DEKG6124,Сине-фиолетовый,629
1100,ОР9389 126,2018,Bentley,Bentayga,PA7JEXDM1E66S2908,Розовый,193
1101,006T744 97,1999,Chevrolet,Astro Cargo,UVC91W567G80S1694,Цвет морской волны,581
1102,1870ХB 60,2007,Nissan,Murano,EWH2NH55XL88X9994,Темно-красный,255
1103,ОB227 154,1992,GMC,3500 Regular Cab,2JN6AAMZ284FN9370,Ярко-розовый,852
1104,003D189 93,2019,Chevrolet,Tahoe,32KBGS387WBSE2854,Сине-фиолетовый,913
1105,000D810 80,2011,Ram,3500 Mega Cab,UV4H9NV23RH0A3540,Темно-серый,868
1106,ТС8876 17,2002,Chevrolet,Silverado 2500 HD Regular Cab,TJJ5B60FXNDY34960,Сливовый,126
1107,E2352 67,2011,Hyundai,Sonata,HDR68FX45AZHY5716,Пурпурный,205
1108,MС0096 46,2018,Ford,F250 Super Duty Crew Cab,T8HRHZFZ1UUZM5601,Светло-серый,887
1109,Р8953 25,1992,Nissan,300ZX,KVMDD3ES1D9R21999,Темно-зеленый,281
1110,1574EХ 35,2018,Ford,Fusion Energi,SCV1DV6W62WJS1865,Бирюзовый,283
1111,Х046НM 58,1998,GMC,Suburban 2500,RLURERDS709BD3813,Бежевый,83
1112,EB3799 134,2004,Chevrolet,Tahoe,2KVDY36B3DYXN3357,Светло-желтый,614
1113,B929УТ 88,2004,Toyota,Solara,025EDV1J5L4XJ5740,Светло-желтый,800
1114,001CD3 27,2003,Acura,CL,9CTUKF0U612DF8313,Светло-серый,489
1115,KО361 152,2016,FIAT,500c,4JYT5JPTXZ8511581,Серый,38
1116,009T429 134,2016,Toyota,Prius,AF5YZMD0751XA0108,Темно-серый,394
1117,ХE478 42,1992,Isuzu,Regular Cab,36KH81ZD2MFYJ4442,Шоколадный,859
1118,ТM7858 48,1999,Honda,Civic,XY30D9ZC0PV561091,Античный Белый,558
1119,УK9234 20,2014,Ferrari,FF,20K0N3LR7AUJJ3106,Черный,368
1120,7689ОB 799,2019,Chevrolet,Blazer,UVBT92KA9646K9758,Черный,816
1121,Х825ТУ 33,2009,Jeep,Commander,D4RN78XT4L0ZZ8251,Аквамарин,632
1122,M054ОТ 06,1994,BMW,3 Series,P3ZKM6X10XD2V4204,Светло-серый,519
1123,5263EE 86,2002,Honda,CR-V,GJ8EECL46XX122103,Коралловый,726
1124,KН350 80,2006,Chevrolet,Silverado 3500 Regular Cab,BWK6PX4Z3S3G78328,Золотой,371
1125,M543ХM 23,2004,GMC,Sierra 1500 Crew Cab,Z0KNLVJT14H2D4333,Лазурный,128
1126,005T818 123,2002,BMW,Z8,PZNFM1U993H5G9258,Серебряный,457
1127,РK312 38,2013,Ram,2500 Crew Cab,RNMSM4A96CKY00805,Ярко-розовый,96
1128,1324ОН 716,1994,Ford,F250 Super Cab,CP7GU8A36ZEH21407,Античный Белый,683
1129,Р6010 91,2014,Nissan,Rogue Select,8VFKUCB75WLC75533,Хаки,274
1130,EС1224 05,2001,GMC,Sierra 2500 HD Regular Cab,439LCYM643B0X8350,Красный,973
1131,AУ5784 124,1994,Mitsubishi,Eclipse,EN63AUKB8ZK5R1492,Пурпурный,510
1132,ХM779 134,2012,Chevrolet,Silverado 2500 HD Crew Cab,YTC01NP64NCE15704,Темно-красный,717
1133,MТ815 83,1999,Chevrolet,Silverado 1500 Extended Cab,0RXJJEFY702E23140,Бежевый,390
1134,0391BB 152,2011,Chevrolet,Silverado 2500 HD Extended Cab,1YNPWUA59KJE46348,Темно-розовый,361
1135,MM550 84,2013,GMC,Savana 1500 Passenger,0E07S6EW32YE01958,Хаки,994
1136,M355ME 88,1992,Toyota,Corolla,KUTDVB4D109X42383,Темно-бирюзовый,671
1137,3274AE 66,2014,Ford,F150 SuperCrew Cab,NMLBGP4A5Z7ZN3310,Оранжево-красный,348
1138,ХС5143 85,2009,MAZDA,CX-7,BXEYH3GH2C0J37181,Зеленый,288
1139,BХ613 39,2015,Ram,2500 Regular Cab,NGVCFX4A6CJ8G5556,Коричневый,736
1140,007D718 113,2011,Hyundai,Genesis,VG90CUTP9G71Z2851,Цвет морской волны,721
1141,РM745 72,2014,Nissan,JUKE,N0P2YUCE2CPEY7364,Коричневый,900
1142,BM307 14,2018,Chevrolet,Traverse,4MD2GASD6BSNL2310,Хаки,374
1143,РM9366 79,2010,Dodge,Ram 3500 Mega Cab,EL07S2FK0WH1D0289,Цвет морской волны,480
1144,003T496 150,2010,Volvo,S40,XCPEMRA769TW65426,Светло-синий,670
1145,6701KО 15,2008,Saturn,Astra,6TRVEB081H5KG7759,Хаки,10
1146,Х0453 40,1997,GMC,Yukon,VRW7U9WS9T4SE2439,Лазурный,142
1147,Р338ТB 78,2002,GMC,Sierra 1500 Extended Cab,ZYDPTEB537R0R1878,Оранжево-красный,92
1148,7351AН 199,1998,Honda,Civic,DKKTM13J2AES77947,Золотой,287
1149,E8792 67,1992,Daihatsu,Charade,REUYVUER0XFS16352,Аквамарин,870
1150,Н0408 90,2009,Acura,RDX,8CZEZ475291X17528,Хаки,366
1151,У1825 73,1999,MAZDA,Millenia,5TUG3A199BKJR8022,Желто-зеленый,847
1152,Х517ХН 75,2003,Kia,Rio,STBSNY4K6CBCG3883,Аквамарин,428
1153,2691РО 46,2009,GMC,Envoy,PVVJAVDL1W2LK9840,Индиго,477
1154,AТ646 58,2017,BMW,i3,0TWGX8Z53YE836680,Аквамарин,394
1155,Р766УA 13,1998,Oldsmobile,Regency,BA12FUK94FMLB3822,Коралловый,196
1156,Т124НУ 69,2008,Lincoln,MKX,B702APG25CSMG9411,Тусклый серый,347
1157,НХ176 56,2001,Ford,Econoline E350 Super Duty Cargo,TETKL2BTXPY042897,Пурпурный,900
1158,003T143 102,2002,Toyota,4Runner,S7KFBZZP2V32T8994,Светло-желтый,943
1159,8923РB 14,2002,Acura,TL,GK4Y77EU64RWZ4689,Темно-фиолетовый,82
1160,3912УР 178,2014,Volkswagen,Jetta,3MCYM5ZM6V4EW3429,Пурпурный,267
1161,K8004 20,2020,Honda,Passport,GCATKK81913RP4232,Светло-голубой,339
1162,E3487 186,2009,Ford,F250 Super Duty Super Cab,5EKA65JVXYEAL4675,Синий,29
1163,004T156 16,1998,Hyundai,Accent,WC6BHE08XGXS89792,Индиго,260
1164,AK3005 96,2018,Nissan,NV3500 HD Cargo,H8V0YDH44G8EB6975,Золотой,458
1165,ХХ150 88,2019,Honda,Accord Hybrid,9ZC3005E5L3DZ3704,Зеленый,588
1166,Р943AО 25,2013,BMW,X6,ZWCHM89P6MMRY1972,Каштановый,582
1167,001CD6 10,1995,Pontiac,Grand Prix,0XZUCJVT64TNL5612,Бирюзовый,495
1168,BB953 17,2001,Dodge,Ram 2500 Quad Cab,S8MRSXMV489051341,Античный Белый,334
1169,EK2479 69,2002,Subaru,Forester,LNJN3ZLL3Z3R44885,Темно-бирюзовый,295
1170,ТС888 750,2007,Dodge,Ram 2500 Mega Cab,KH1S30R304N979594,Светло-зеленый,288
1171,2077РK 13,2005,Chevrolet,Express 3500 Passenger,Z6ME2AED44N0Y3677,Светло-розовый,280
1172,НK127 121,2014,Volvo,S80,E0PEF9NZ8UBYH4041,Малиновый,451
1173,BE154 50,2002,MAZDA,Tribute,KZN10KT5061Y70168,Темно-зеленый,74
1174,Р3095 95,2008,Toyota,Tundra CrewMax,KS1VCYB4XK1JK4032,Аквамарин,708
1175,E785ОХ 38,2013,Toyota,Sienna,KCS5HMP39GF6A1290,Светло-синий,417
1176,С6775 96,2007,Nissan,Murano,JSZCRFD017TZN0948,Темно-синий,319
1177,Т870BM 66,1993,Eagle,Vision,8ZX4AXE96E6KR4678,Темно-оранжевый,7
1178,НA324 136,2019,Porsche,Cayenne,TUKVYD0F9AA6F7249,Темно-серый,837
1179,MA186 750,2010,Saturn,VUE,S2NS0VGP3NAR60569,Желто-зеленый,514
1180,001T343 86,1998,Volkswagen,Golf,50M4BLSA1XU4K1974,Пурпурный,380
1181,AM4142 73,2012,Nissan,Titan King Cab,LR0U5S4G22VAK6430,Индиго,31
1182,О5313 178,1997,Audi,A6,DWJXRREY6BGAX7724,Розовато-лавандовый,50
1183,ХB8761 124,2004,Pontiac,Bonneville,Z0U7AHWV6Z5K39994,Зеленый,865
1184,001T275 69,2005,Toyota,Corolla,61J3UXC05H52R5868,Васильковый,4
1185,РB5693 89,2018,Alfa,Romeo Giulia,TL5B2MG86XZTK5280,Индиго,531
1186,A6962 04,2007,GMC,Sierra 2500 HD Regular Cab,0FCR9Y2S8DXMR5381,Розовый,281
1187,KН351 29,2002,Hyundai,Santa Fe,2KPTENP904HL64050,Красный,149
1188,Х660НС 84,2007,Chevrolet,Silverado 3500 HD Crew Cab,3LAGDZ6M60PY48832,Васильковый,810
1189,B866УA 29,2008,Lamborghini,Gallardo,B6GZSNU76GCR67815,Красный,844
1190,Н833ОО 54,2011,GMC,Sierra 3500 HD Crew Cab,JCJWJE4E3HMSU4267,Пурпурный,866
1191,B568УB 71,2003,Audi,A8,1RK4PVZY3XAR76601,Темно-красный,618
1192,007T307 51,2006,Bentley,Arnage,20WY9YC11KSP01996,Сине-фиолетовый,628
1193,M6589 94,2007,GMC,Sierra (Classic) 2500 HD Extended Cab,HCUJKE2S8PWNN8414,Красный,521
1194,003D815 74,2000,Ford,Econoline E150 Passenger,VX96NU6C4XSD60232,Серый,699
1195,009T497 38,2009,INFINITI,M,VSWRPTJY5NEH31817,Светло-розовый,734
1196,B5117 55,2005,Mercedes-Benz,CL-Class,TDJH4T400RBUT1091,Каштановый,144
1197,Р7833 32,1997,Oldsmobile,Cutlass Supreme,BRDYC5TB4Z5934369,Лазурный,515
1198,Р2671 64,2000,Audi,A4,U6KW15AD26RHR9454,Аквамарин,769
1199,У5006 67,2018,Nissan,TITAN XD Crew Cab,NAMC43GLXMB005786,Шоколадный,202
1200,000CD6 61,2019,Nissan,Titan King Cab,XVK8KH945J01R1803,Пурпурный,487
